nomor_mahasiswa;nama;gender;alamat;kota_asal;tanggal_lahir;tanggal_masuk;nomor_handphone;umur
221331006;Dafa Saptian Fadlurrahman;L;Ngamprah;Bandung Barat;23/05/2004;2022;87776561680;19
221331004;Cantika Angela Putri;P;Margaasih jalan aster;Bandung;02/07/2004;2022;82320600028;19
221331007;Daffa Purwa Satrio Putra;L;Ngamprah;Bandung Barat;13/07/2003;2022;87897232352;20
221331013;ghania;P;jalan kencana wangi IX;bandung;18/12/2003;2022;82128787488;19
221331015;Junaedi;L;Cibogo atas;Bandung;12/01/2004;2022;81218069827;19
221331017;lutvi;L;jl.singaparna;Cimahi;03/03/2003;2022;89524003793;20
221331020;Muhamad Shafwan Abdul Aziz;l;Wanaraja;Garut;05/03/2005;2022;85659938277;18
221331024;Muhammad Rizki;L;Cimahi Tengah;Cimahi;15/04/2004;2022;89663375897;19
221331026;Reval Bima Praja;L;Malangbong;Garut;13/03/2004;2022;87897232352;19
221331031;Vahri Endar Priyaqzhan;L;Kebon Kopi;Cimahi;21/02/2004;2022;81395312376;19
1;Parker;L;17232 Carpenter Road;GARUT;11/05/2002;2006;5274656245;21
2;Harp;L;57858 Grover Way;TASIKMALAYA;02/03/2004;1993;2372203792;19
3;Owen;L;47250 Sunfield Plaza;BANDUNG;07/01/2006;1993;6575896702;17
4;Karina;P;393 Bunker Hill Pass;KOTA BANDUNG;07/03/2001;2013;5835838557;22
5;Rachelle;P;24764 Melvin Junction;KAB. BANDUNG;11/11/2000;2012;8249873021;22
6;Jedd;L;87 Independence Terrace;CIMAHI;12/01/1998;2005;4977875626;25
7;Lemar;L;13 Maryland Circle;GARUT;07/01/2006;2004;4541222366;17
8;Timothea;P;8170 Boyd Street;TASIKMALAYA;07/08/2006;1984;5556715942;17
9;Antonio;L;4 Independence Crossing;BANDUNG;10/02/2003;2010;7407620320;20
10;Goraud;L;8243 Boyd Avenue;KOTA BANDUNG;07/07/1999;1999;9057853964;24
11;Kelila;P;2797 Farwell Center;KAB. BANDUNG;02/09/2004;1997;4975187203;19
12;Iris;P;0228 Mendota Court;CIMAHI;02/11/1999;2006;9734507586;23
13;Halie;P;603 Sherman Drive;GARUT;03/05/2003;1994;2575191313;20
14;Theodor;L;95679 South Road;TASIKMALAYA;09/04/2003;1999;8895510739;20
15;Caprice;P;3949 Ohio Hill;BANDUNG;11/05/2003;2012;4062669574;20
16;Eliot;L;5 Becker Center;KOTA BANDUNG;03/02/2004;1999;3947309650;19
17;Alford;L;994 Sundown Drive;KAB. BANDUNG;05/01/2004;1996;1663163193;19
18;Ermengarde;P;426 Dovetail Hill;CIMAHI;10/04/2004;1998;9889038647;19
19;Bobina;P;375 Glacier Hill Court;GARUT;09/09/2004;2000;6862861488;19
20;Blinnie;P;36406 Warner Parkway;TASIKMALAYA;10/10/2001;2006;1597145157;22
21;Allys;P;562 Dennis Pass;BANDUNG;09/02/2004;1999;3527597341;19
22;Abbott;L;51153 Old Gate Hill;KOTA BANDUNG;12/04/2000;1988;8015394897;23
23;Vilhelmina;P;19 Oriole Terrace;KAB. BANDUNG;03/01/2001;2007;6872911740;22
24;Bruce;L;2 Anthes Parkway;CIMAHI;09/01/2004;2012;2912690500;19
25;Harley;L;59272 Miller Hill;GARUT;12/03/2002;2008;8869429558;21
26;Cob;L;30 Utah Alley;TASIKMALAYA;09/04/2001;2004;7803593497;22
27;Lyon;L;6934 Ruskin Street;BANDUNG;10/11/2003;2010;2469173587;19
28;Helli;P;3480 Drewry Alley;KOTA BANDUNG;11/03/2004;1993;9879576115;19
29;Auguste;P;67 Stoughton Parkway;KAB. BANDUNG;03/06/2001;2011;7015824244;22
30;Harlin;L;97364 Killdeer Circle;CIMAHI;05/02/2001;1989;2778416174;22
31;Lisbeth;P;93 Sage Plaza;GARUT;01/01/2001;2007;3212695381;22
32;Brenden;L;131 Texas Junction;TASIKMALAYA;08/03/2005;1984;2681800768;18
33;Nikaniki;P;5717 Jackson Drive;BANDUNG;02/09/2000;1996;4116559648;23
34;Sigismond;L;12 Armistice Court;KOTA BANDUNG;12/07/2005;1998;7348444498;18
35;Vania;P;7537 Daystar Alley;KAB. BANDUNG;04/06/2006;2006;9101100783;17
36;Roxanne;P;3 Mitchell Lane;CIMAHI;04/06/2002;1998;2653104956;21
37;Mable;P;15 Gerald Trail;GARUT;12/01/2000;2009;6578649223;23
38;Matthieu;L;336 Canary Alley;TASIKMALAYA;02/05/2002;1998;5749785670;21
39;Derwin;L;73 Arapahoe Center;BANDUNG;08/05/2007;1997;9493448884;16
40;Josephine;P;811 Pine View Way;KOTA BANDUNG;02/04/2000;1999;7529047064;23
41;Rodolphe;L;5 Sullivan Plaza;KAB. BANDUNG;01/10/2000;2009;9933964205;23
42;Anson;L;360 Chive Park;CIMAHI;12/12/2002;2009;7909744826;20
43;Gus;L;5 Sherman Circle;GARUT;08/07/2000;1987;3343751407;23
44;Almira;P;35363 Butterfield Hill;TASIKMALAYA;07/08/2005;2005;9924397485;18
45;Loydie;L;15 Green Hill;BANDUNG;01/12/2003;2009;4256003825;19
46;Fulvia;P;7 Arrowood Parkway;KOTA BANDUNG;02/12/2001;1985;5965391204;21
47;Dorri;P;86 Melvin Crossing;KAB. BANDUNG;11/09/2002;1996;3339014201;21
48;Artemas;L;048 Hanover Point;CIMAHI;09/09/2001;1995;9496818497;22
49;Minette;P;29788 Knutson Road;GARUT;11/03/2003;2005;7251668923;20
50;Bartlet;L;0 Oriole Court;TASIKMALAYA;05/05/2003;2010;2415643489;20
51;Devin;L;8746 Manufacturers Circle;BANDUNG;10/11/2002;2008;5328741086;20
52;Bastian;L;9 Golf Drive;KOTA BANDUNG;10/04/2000;1994;6684967335;23
53;Olivette;P;98 Ruskin Trail;KAB. BANDUNG;11/12/2004;2006;6201273020;18
54;Sabrina;P;89 Upham Center;CIMAHI;11/04/2004;1994;6895216724;19
55;Sigfrid;L;48929 Elgar Lane;GARUT;10/07/2000;2012;5933397065;23
56;Wally;L;06737 Union Street;TASIKMALAYA;03/01/2002;2012;6539000075;21
57;Frasquito;L;3 Lyons Junction;BANDUNG;11/05/2002;1976;3273620636;21
58;Vic;L;063 Ridge Oak Drive;KOTA BANDUNG;03/09/1999;1998;3931862930;24
59;Avictor;L;947 Coolidge Avenue;KAB. BANDUNG;10/12/1999;2011;5546499568;23
60;Kayle;P;9 Katie Plaza;CIMAHI;05/05/2002;2008;3478714100;21
61;Lucy;P;45718 Elgar Road;GARUT;04/01/2002;1993;1921336207;21
62;Ginevra;P;12484 Eliot Trail;TASIKMALAYA;08/07/2005;2007;9929664326;18
63;Ferdinand;L;9 Burrows Alley;BANDUNG;01/08/2004;1998;8821661370;19
64;Anastasie;P;7985 John Wall Avenue;KOTA BANDUNG;03/10/2002;2010;6735384360;21
65;Demeter;P;5 Spohn Crossing;KAB. BANDUNG;09/02/2003;1988;5328152052;20
66;Andre;L;49752 Acker Crossing;CIMAHI;01/07/2003;1992;9179552571;20
67;Udell;L;8 Paget Parkway;GARUT;12/06/2000;2010;5927788820;23
68;Stella;P;45 Jenna Trail;TASIKMALAYA;01/01/1999;1985;5203771554;24
69;Dicky;L;535 Gerald Parkway;BANDUNG;01/02/2002;1996;6439335992;21
70;Margarette;P;1994 Delladonna Crossing;KOTA BANDUNG;08/03/2004;2002;7354119754;19
71;Delora;P;802 Hazelcrest Terrace;KAB. BANDUNG;04/03/2004;1987;6927555972;19
72;Shannen;P;34 Ridgeway Street;CIMAHI;04/03/2005;2009;8012519561;18
73;Rochella;P;80 Kensington Drive;GARUT;04/12/2000;2005;7116590421;22
74;Robinia;P;3260 Spohn Place;TASIKMALAYA;10/10/2001;2001;4062353657;22
75;Avictor;L;8141 7th Court;BANDUNG;05/11/2005;2009;8725558539;17
76;Royall;L;5 Sachtjen Alley;KOTA BANDUNG;11/09/2002;2012;2328135477;21
77;Towny;L;5 Moland Drive;KAB. BANDUNG;02/02/2003;1992;9176301623;20
78;Gayleen;P;744 Ruskin Terrace;CIMAHI;12/05/2002;2001;3988903471;21
79;Barnard;L;2 Helena Trail;GARUT;04/03/2001;2002;9171475768;22
80;Ruthanne;P;1 Knutson Junction;TASIKMALAYA;10/07/2002;2000;6795816986;21
81;Birk;L;3143 Donald Parkway;BANDUNG;11/07/2000;2001;1288204072;23
82;Martino;L;13 Holy Cross Lane;KOTA BANDUNG;08/02/2004;2005;2285411259;19
83;Anissa;P;20883 Sachtjen Crossing;KAB. BANDUNG;01/07/2003;2009;9681175129;20
84;Noel;P;8989 Derek Point;CIMAHI;05/09/1999;2010;5278569235;24
85;Barthel;L;04 Hollow Ridge Place;GARUT;04/08/2001;1992;4751087117;22
86;Teodorico;L;74883 Blaine Terrace;TASIKMALAYA;05/08/2002;2004;4862757849;21
87;Annamaria;P;3694 Sullivan Plaza;BANDUNG;09/06/2005;2007;9754834416;18
88;Abrahan;L;8 Sloan Drive;KOTA BANDUNG;09/12/2000;1988;3179679250;22
89;Gisele;P;87673 Chive Terrace;KAB. BANDUNG;12/02/2005;2007;5383350022;18
90;Dorelle;P;1 Orin Alley;CIMAHI;08/09/2005;2006;6789565142;18
91;Adara;P;54 Manufacturers Terrace;GARUT;06/02/2004;1999;9078044903;19
92;Ronna;P;03559 Carioca Junction;TASIKMALAYA;08/12/2003;2010;1759633122;19
93;Stavros;L;9 Northridge Circle;BANDUNG;06/08/2004;2002;4208758566;19
94;Theda;P;98 Sundown Court;KOTA BANDUNG;10/06/2001;2003;6505697563;22
95;Kaitlynn;P;08 Gateway Street;KAB. BANDUNG;06/02/2005;2009;9635846296;18
96;Mal;L;7 Arapahoe Road;CIMAHI;06/03/2006;2001;6596530853;17
97;Cornie;P;427 Dixon Alley;GARUT;12/05/2005;2001;1895418709;18
98;Stephenie;P;2 Hintze Way;TASIKMALAYA;04/07/2005;1985;7482279152;18
99;Isa;P;360 Loeprich Crossing;BANDUNG;10/04/2000;2004;9389037229;23
100;Malchy;L;905 New Castle Crossing;KOTA BANDUNG;10/09/1999;1993;6787414142;24
101;Lawton;L;294 Manufacturers Park;KAB. BANDUNG;12/04/2003;2010;7903738532;20
102;Godfry;L;58468 Dovetail Junction;CIMAHI;01/07/2006;1965;4066873214;17
103;Omar;L;363 Memorial Way;GARUT;05/07/2002;2005;4518346921;21
104;Sosanna;P;0627 Colorado Place;TASIKMALAYA;09/04/2004;2004;5575487478;19
105;Grayce;P;7967 Norway Maple Court;BANDUNG;03/11/2005;2003;6382684385;17
106;Jeane;P;789 Arapahoe Crossing;KOTA BANDUNG;06/07/2004;2013;5451386236;19
107;Jourdain;L;2 Bashford Pass;KAB. BANDUNG;01/11/2003;2007;2821286736;19
108;Johny;L;3 Independence Point;CIMAHI;01/03/2001;1999;6269611706;22
109;Thorny;L;2750 Grasskamp Trail;GARUT;09/12/1999;2009;8459903765;23
110;Nelson;L;8277 Caliangt Center;TASIKMALAYA;06/02/1999;2001;1688616510;24
111;Marti;P;8328 Independence Drive;BANDUNG;11/10/2002;2012;7244896254;21
112;Natala;P;75 Sloan Point;KOTA BANDUNG;11/06/2002;2000;5413072193;21
113;Lu;P;8770 Texas Park;KAB. BANDUNG;09/12/2003;2012;1606920720;19
114;Weston;L;38 Bayside Place;CIMAHI;05/05/2005;1985;9395145976;18
115;Pauly;P;0931 Hudson Drive;GARUT;02/04/2006;2005;3805771161;17
116;Babbie;P;80852 Merrick Lane;TASIKMALAYA;04/09/2002;1961;9154365980;21
117;Mandi;P;4 Ohio Lane;BANDUNG;02/06/2001;1985;5371397190;22
118;Emmye;P;092 Grim Circle;KOTA BANDUNG;09/10/2001;1992;1865428216;22
119;Maury;L;5684 Mosinee Alley;KAB. BANDUNG;03/01/2003;1955;7294517334;20
120;Morna;P;010 Lunder Lane;CIMAHI;12/06/2002;1994;7788933289;21
121;Malva;P;57261 Union Parkway;GARUT;11/10/2001;1989;8293520048;22
122;Darill;L;9 Knutson Drive;TASIKMALAYA;08/07/2004;2005;9141837091;19
123;Thorsten;L;25 Lighthouse Bay Street;BANDUNG;12/10/2002;2004;2898563409;21
124;Mariya;P;7954 Green Terrace;KOTA BANDUNG;06/04/2004;2002;6814646570;19
125;Berni;P;16 Grayhawk Parkway;KAB. BANDUNG;09/01/2004;1997;3667880910;19
126;Vilhelmina;P;50 Susan Crossing;CIMAHI;11/05/2001;2010;2285541084;22
127;Hilly;L;8913 Kingsford Point;GARUT;06/07/2004;2009;8601247936;19
128;Basilius;L;13210 Village Drive;TASIKMALAYA;03/07/2000;2003;9327389945;23
129;Ardyce;P;263 Stuart Lane;BANDUNG;03/08/2004;1986;1574192879;19
130;Aurora;P;21230 Crownhardt Circle;KOTA BANDUNG;04/09/2003;2000;6221159318;20
131;Karrah;P;6008 Canary Terrace;KAB. BANDUNG;06/12/2005;1998;4086499233;17
132;Callida;P;0983 Debs Trail;CIMAHI;02/03/2004;1997;8163467177;19
133;Wilow;P;2640 Rutledge Terrace;GARUT;05/12/2000;2004;7778691592;22
134;Ker;L;68 Huxley Junction;TASIKMALAYA;05/09/2001;2000;4364492573;22
135;Chicky;L;9248 Doe Crossing Street;BANDUNG;08/12/2004;1997;2986542317;18
136;Godard;L;9 Talmadge Plaza;KOTA BANDUNG;10/05/2001;2009;6188585760;22
137;Elwyn;L;0 Cordelia Circle;KAB. BANDUNG;06/09/2003;1990;8571889416;20
138;Mona;P;896 Almo Hill;CIMAHI;10/06/2003;1999;3167217548;20
139;Gaston;L;904 Arapahoe Pass;GARUT;12/12/2002;2009;3653563634;20
140;Harwilll;L;9 Grayhawk Lane;TASIKMALAYA;09/10/2001;1998;8405243586;22
141;Jerrold;L;32362 Lunder Street;BANDUNG;01/06/2001;2006;1664040809;22
142;Burk;L;0315 Bowman Street;KOTA BANDUNG;04/01/2004;1999;1026637469;19
143;Aloysius;L;20 Anthes Junction;KAB. BANDUNG;01/02/1999;2011;9699855831;24
144;Fancie;P;992 Boyd Street;CIMAHI;07/04/2005;1998;6883863725;18
145;Iain;L;1 Butternut Terrace;GARUT;02/09/2006;2011;5924345283;17
146;Norina;P;7650 Acker Center;TASIKMALAYA;06/05/2000;2007;8504191042;23
147;Betsy;P;8 Petterle Circle;BANDUNG;01/01/2006;2004;2708645419;17
148;Klarika;P;13135 Sachs Way;KOTA BANDUNG;12/05/2001;1992;9038204536;22
149;Byran;L;271 Claremont Alley;KAB. BANDUNG;04/01/2001;1993;4757911882;22
150;Mozelle;P;914 Fairfield Plaza;CIMAHI;05/10/2001;1988;9574413839;22
151;Auberta;P;4 Hintze Trail;GARUT;11/11/2001;1994;9926887542;21
152;Lewie;L;0383 Bultman Lane;TASIKMALAYA;08/12/2002;2007;2384810384;20
153;Chaddie;L;5536 1st Avenue;BANDUNG;03/09/2000;2009;3229040711;23
154;Kaela;P;07 Commercial Plaza;KOTA BANDUNG;07/04/2005;1991;5777050292;18
155;Rey;P;23 Crowley Court;KAB. BANDUNG;02/06/2003;1994;6579027617;20
156;Jordana;P;5 Corry Crossing;CIMAHI;08/06/2006;1999;9372414023;17
157;Patrice;L;53363 Mccormick Alley;GARUT;06/11/2004;2011;6225670765;18
158;Jude;L;99 Grasskamp Park;TASIKMALAYA;10/11/2000;2006;4374051289;22
159;Aldus;L;98232 Rockefeller Road;BANDUNG;05/04/2002;2002;8243107231;21
160;Karia;P;53 Butterfield Lane;KOTA BANDUNG;03/04/2006;2011;3233214617;17
161;Shep;L;76470 Oneill Lane;KAB. BANDUNG;05/12/2003;1992;3896235653;19
162;Corinne;P;2 Aberg Trail;CIMAHI;03/12/2006;2004;5007165286;16
163;Normy;L;1 Havey Circle;GARUT;10/01/2001;1993;1055474341;22
164;Harry;L;8653 Ryan Place;TASIKMALAYA;06/12/2004;1995;9318212802;18
165;Malory;P;5085 Riverside Parkway;BANDUNG;08/01/2001;2007;8991316649;22
166;Penrod;L;9 Leroy Pass;KOTA BANDUNG;08/03/2001;2010;8343797909;22
167;Livia;P;8 Forest Place;KAB. BANDUNG;11/01/1998;1992;6165684563;25
168;Lewiss;L;9915 Warbler Trail;CIMAHI;09/12/2001;2010;9293115029;21
169;Bruis;L;992 Towne Drive;GARUT;05/05/2001;2003;6425583873;22
170;Jerrilee;P;75276 Darwin Center;TASIKMALAYA;03/02/2005;1985;5005292079;18
171;Sheffield;L;1 Goodland Avenue;BANDUNG;09/01/2005;1995;6281080128;18
172;Tamarah;P;171 Pond Alley;KOTA BANDUNG;12/01/2000;1996;7531239656;23
173;Sabrina;P;54 Nobel Terrace;KAB. BANDUNG;03/01/2005;1985;2152444640;18
174;Tedra;P;4 Summer Ridge Park;CIMAHI;10/09/2004;2005;2044345335;19
175;Tomi;P;39 Westend Court;GARUT;01/10/2000;1998;6469608433;23
176;Roddy;L;3072 Upham Lane;TASIKMALAYA;10/11/2002;2011;1809704524;20
177;Roxy;P;22 Di Loreto Place;BANDUNG;12/06/1999;2007;3555332774;24
178;Libby;P;0106 Schurz Place;KOTA BANDUNG;04/05/2007;2005;8925550190;16
179;Jeanette;P;16 Bobwhite Avenue;KAB. BANDUNG;09/07/2004;2010;9568278913;19
180;Joell;P;133 Katie Circle;CIMAHI;01/08/2002;1996;1271773386;21
181;Merralee;P;90 Transport Street;GARUT;10/04/2003;1994;6608696361;20
182;Golda;P;84 Dottie Alley;TASIKMALAYA;01/07/2003;2009;5844663919;20
183;Evangelin;P;4 Fisk Place;BANDUNG;02/12/2001;1992;5368826042;21
184;Grace;L;449 Northridge Way;KOTA BANDUNG;06/01/2001;2007;9136153576;22
185;Roi;L;37436 Orin Parkway;KAB. BANDUNG;02/03/2004;1994;1582282483;19
186;Harwell;L;4412 Starling Place;CIMAHI;05/12/2000;2002;8492228318;22
187;Freddie;P;698 Shopko Plaza;GARUT;03/09/2005;2009;5585302198;18
188;Oberon;L;7976 Menomonie Terrace;TASIKMALAYA;10/04/2006;1995;9778960519;17
189;Emelda;P;0175 Huxley Road;BANDUNG;04/02/2005;2010;7571620470;18
190;Elisabet;P;2537 Rockefeller Park;KOTA BANDUNG;12/07/2006;2002;5277676125;17
191;Pooh;L;2482 Shopko Junction;KAB. BANDUNG;05/01/2006;2011;7947365082;17
192;Tab;L;679 Dayton Pass;CIMAHI;05/07/2003;2002;7417964466;20
193;Jarrett;L;7745 Pawling Trail;GARUT;06/06/2004;2012;5695529433;19
194;Kerrie;P;40 Macpherson Road;TASIKMALAYA;02/07/2000;2001;9887176455;23
195;Jena;P;43406 Schiller Pass;BANDUNG;08/08/2005;1995;6177607113;18
196;Nonah;P;91 Nova Circle;KOTA BANDUNG;01/07/2006;2010;4003757898;17
197;Cathrin;P;9 Thompson Junction;KAB. BANDUNG;06/06/2005;1994;9257734417;18
198;Rufus;L;9 Thierer Junction;CIMAHI;05/05/2002;2009;2255684572;21
199;Melita;P;992 Karstens Street;GARUT;04/08/2000;1998;9483363052;23
200;Chrissy;P;83128 Warner Plaza;TASIKMALAYA;07/04/2001;2004;8174820830;22
201;Bradney;L;01314 Buena Vista Terrace;BANDUNG;10/09/2000;2004;1532320537;23
202;Shane;P;4 Gateway Place;KOTA BANDUNG;08/10/2006;1997;1347189136;17
203;Humphrey;L;93864 Muir Trail;KAB. BANDUNG;07/03/2002;2011;5516618102;21
204;Lee;P;93323 Fieldstone Court;CIMAHI;05/11/2001;2009;4804534662;21
205;Layton;L;0 Judy Park;GARUT;01/08/2004;1997;7165237487;19
206;Babbette;P;871 Schlimgen Place;TASIKMALAYA;06/04/2001;2005;3133018296;22
207;Caren;P;276 Stoughton Lane;BANDUNG;05/11/2005;1997;7589453359;17
208;Deedee;P;4962 Claremont Court;KOTA BANDUNG;02/04/2002;2001;6201984997;21
209;Shae;P;055 Mosinee Place;KAB. BANDUNG;09/06/2002;2007;5659140485;21
210;Nero;L;531 Sheridan Road;CIMAHI;11/02/2001;2003;7935733937;22
211;Niles;L;603 Shoshone Alley;GARUT;10/04/2006;1999;7279996207;17
212;Valene;P;46 Kensington Park;TASIKMALAYA;02/05/2002;1990;8354379180;21
213;Josselyn;P;8950 Granby Parkway;BANDUNG;07/06/2003;2006;9188454031;20
214;Erskine;L;0747 Gina Place;KOTA BANDUNG;04/02/2000;1998;5731507858;23
215;Hyacinthe;P;45164 Swallow Avenue;KAB. BANDUNG;10/09/2003;2005;8767972943;20
216;Brand;L;23 Judy Street;CIMAHI;11/01/1999;2006;8862590688;24
217;Vittorio;L;893 Emmet Terrace;GARUT;01/08/2005;1992;6924671104;18
218;Dallas;L;053 West Road;TASIKMALAYA;12/11/1999;2006;1498594054;23
219;Jodi;P;83969 Meadow Valley Terrace;BANDUNG;03/11/2006;1976;1196214950;16
220;Bette-ann;P;0 Ronald Regan Junction;KOTA BANDUNG;07/10/2000;2000;7259072519;23
221;Carey;P;63 Spenser Trail;KAB. BANDUNG;02/03/2003;2005;3516357183;20
222;Chrotoem;L;8 Shasta Center;CIMAHI;08/12/1999;1997;9259362806;23
223;Nert;P;22602 Elka Lane;GARUT;12/02/2000;1990;4452408214;23
224;Ashien;P;62632 Buena Vista Circle;TASIKMALAYA;03/11/2004;1987;4705632676;18
225;Kathleen;P;110 Steensland Court;BANDUNG;05/06/2002;2012;9435532591;21
226;Boyd;L;3 Stang Parkway;KOTA BANDUNG;10/04/2002;1993;1895014363;21
227;Evonne;P;59 Ilene Crossing;KAB. BANDUNG;06/01/2003;2006;7148907596;20
228;Burke;L;035 Bonner Circle;CIMAHI;08/08/2002;2005;7697043745;21
229;Appolonia;P;927 Jenifer Pass;GARUT;04/05/2000;1993;7621401848;23
230;Marchelle;P;43200 Dottie Hill;TASIKMALAYA;10/03/2004;2003;3066931470;19
231;Ulrick;L;3660 Thompson Parkway;BANDUNG;08/02/2003;2004;3126647224;20
232;Adham;L;46 Stuart Pass;KOTA BANDUNG;07/04/2001;2003;6829404181;22
233;Traci;P;2 Arizona Hill;KAB. BANDUNG;09/02/2005;2005;1191280545;18
234;Humfrid;L;38617 Fieldstone Street;CIMAHI;10/03/2005;1998;3386614099;18
235;Sheryl;P;10 Hayes Hill;GARUT;07/06/2000;1990;9965762230;23
236;Rani;P;38224 Ruskin Trail;TASIKMALAYA;05/09/2005;1999;7089904389;18
237;Cos;L;46456 Muir Road;BANDUNG;10/06/2000;2000;7975442606;23
238;Yelena;P;795 Donald Lane;KOTA BANDUNG;09/03/2006;2006;7293419339;17
239;Nickey;L;7 Sullivan Point;KAB. BANDUNG;02/03/2000;1996;5449267991;23
240;Cherida;P;476 Burrows Hill;CIMAHI;06/11/2000;1999;3817287087;22
241;Lazar;L;2347 Forster Point;GARUT;02/11/2004;1993;1097083103;18
242;Elston;L;656 Carioca Hill;TASIKMALAYA;07/04/2004;2002;8594047754;19
243;Elihu;L;17658 Porter Road;BANDUNG;12/10/2004;2008;5813007717;19
244;Debra;P;0 Garrison Avenue;KOTA BANDUNG;05/06/2000;2004;2422013906;23
245;Sonnie;P;044 Charing Cross Place;KAB. BANDUNG;11/04/2002;2010;3484111350;21
246;Tirrell;L;52 Bartelt Drive;CIMAHI;02/08/2002;2008;6758100231;21
247;Pat;L;50200 Eastwood Plaza;GARUT;05/02/2001;2009;7958187795;22
248;Lillis;P;19 Bobwhite Point;TASIKMALAYA;01/09/2001;2010;8685252574;22
249;Ambrosius;L;620 Dennis Circle;BANDUNG;08/09/2004;1962;1286925048;19
250;Maegan;P;9147 Sherman Drive;KOTA BANDUNG;10/08/2004;2003;4032810589;19
251;Kristoforo;L;0507 Cascade Park;KAB. BANDUNG;08/01/2004;2008;8337487294;19
252;Joceline;P;80503 Colorado Street;CIMAHI;08/09/1999;2012;2678722915;24
253;Lucio;L;20 Harbort Center;GARUT;12/01/1998;2010;3324456876;25
254;Merline;P;5204 Cambridge Drive;TASIKMALAYA;05/04/2006;2008;1875236811;17
255;Klarrisa;P;6057 Longview Street;BANDUNG;09/05/2005;2000;2045290712;18
256;Elenore;P;78031 Raven Circle;KOTA BANDUNG;01/06/2004;1997;1186585529;19
257;Meriel;P;0 Corben Avenue;KAB. BANDUNG;06/02/2000;1987;1574923687;23
258;Barr;L;9781 Susan Alley;CIMAHI;01/10/2002;1996;2014850577;21
259;Rodi;P;640 Debs Place;GARUT;03/01/2003;2004;4756526181;20
260;Kirbie;P;977 Ryan Plaza;TASIKMALAYA;09/12/2003;2008;5945712732;19
261;Izak;L;5097 Heath Terrace;BANDUNG;04/04/2004;2000;3204050255;19
262;Cullan;L;635 Pawling Plaza;KOTA BANDUNG;01/01/2003;2008;9161971655;20
263;Bertha;P;86 Manley Street;KAB. BANDUNG;09/10/2000;1986;9165657989;23
264;Winnie;L;90 Caliangt Crossing;CIMAHI;10/03/1999;2012;4543296446;24
265;Filip;L;02260 Huxley Court;GARUT;08/04/2002;2009;4473805375;21
266;Lulita;P;9 Bay Park;TASIKMALAYA;08/03/2000;2004;5115154115;23
267;Barret;L;10 Anniversary Junction;BANDUNG;04/04/2004;1990;1979010771;19
268;Kora;P;866 Eliot Park;KOTA BANDUNG;05/02/2003;1997;5666769539;20
269;Georgette;P;61347 Towne Crossing;KAB. BANDUNG;09/08/2000;1993;2917512326;23
270;Jorie;P;17 Bluejay Parkway;CIMAHI;12/12/2005;2008;9465821050;17
271;Hyman;L;8 Texas Junction;GARUT;06/05/2006;2006;4448499015;17
272;Florrie;P;0 Vernon Parkway;TASIKMALAYA;03/07/2005;1996;1494635780;18
273;Udale;L;07952 Holy Cross Center;BANDUNG;08/09/2002;1987;1411263707;21
274;Andromache;P;011 Rockefeller Junction;KOTA BANDUNG;05/01/2004;1992;6865969344;19
275;Laurette;P;2633 Schlimgen Street;KAB. BANDUNG;04/10/2002;2007;4579987506;21
276;Freeland;L;615 Fuller Lane;CIMAHI;12/03/1999;2009;5927787882;24
277;Wilton;L;55554 Meadow Vale Circle;GARUT;10/04/2000;1993;9859865589;23
278;Keven;L;56413 Main Junction;TASIKMALAYA;01/05/2004;2010;9597706469;19
279;Annmarie;P;66636 Merrick Terrace;BANDUNG;10/04/1999;1994;2963419268;24
280;Lauri;P;3 Lotheville Park;KOTA BANDUNG;01/01/2002;1995;8059585550;21
281;Terry;L;8 Pawling Circle;KAB. BANDUNG;06/04/2005;2001;1698749757;18
282;Marilin;P;6514 Bluejay Alley;CIMAHI;08/02/2002;2004;8984768131;21
283;Meriel;P;36530 Barby Plaza;GARUT;05/01/2003;2005;9426049875;20
284;Carlita;P;133 Fuller Circle;TASIKMALAYA;10/01/2007;1995;5586649452;16
285;Cameron;L;4 Jenifer Alley;BANDUNG;07/04/2000;2010;9234082091;23
286;Gasper;L;4325 Cambridge Junction;KOTA BANDUNG;10/06/2003;1993;6835197728;20
287;Jeffie;L;6 Sachs Court;KAB. BANDUNG;06/02/2000;2002;5722128560;23
288;Culley;L;6 Spohn Road;CIMAHI;12/09/2003;2004;1861677149;20
289;Shellysheldon;L;4930 Springs Crossing;GARUT;07/08/2004;2008;3798717837;19
290;Haze;L;8 Prairieview Alley;TASIKMALAYA;11/08/2001;1992;1317161600;22
291;Burke;L;70 Redwing Street;BANDUNG;10/04/2005;2005;1914565845;18
292;Donall;L;041 Stephen Trail;KOTA BANDUNG;09/08/2002;2003;7231423175;21
293;Abramo;L;1779 Algoma Junction;KAB. BANDUNG;03/02/2004;1992;1206516670;19
294;Danni;P;41 Carberry Plaza;CIMAHI;08/08/2002;2008;7021541486;21
295;Arvie;L;46398 Northland Terrace;GARUT;01/06/2003;2007;6686115343;20
296;Sylas;L;114 Riverside Terrace;TASIKMALAYA;11/04/1999;2009;5013894207;24
297;Ber;L;784 Lighthouse Bay Lane;BANDUNG;10/09/2004;2008;8861043517;19
298;Averill;L;34474 Eliot Way;KOTA BANDUNG;07/03/2000;2013;2688430075;23
299;Justin;L;04178 Jackson Alley;KAB. BANDUNG;07/03/2004;2003;6756840079;19
300;Joshua;L;44691 Del Sol Alley;CIMAHI;12/12/2003;2009;9822630263;19
301;Willi;L;90452 Bayside Parkway;GARUT;03/04/2001;2006;1045777186;22
302;Fredrika;P;00231 Mockingbird Pass;TASIKMALAYA;01/01/2002;2001;7463768732;21
303;Joane;P;83 Sunbrook Road;BANDUNG;07/12/2002;2001;1405452150;20
304;Myrilla;P;0485 Rowland Avenue;KOTA BANDUNG;02/04/2000;1998;3775484889;23
305;Johny;L;49 Lakewood Road;KAB. BANDUNG;01/09/2005;2006;7216712816;18
306;Carney;L;86094 Summer Ridge Junction;CIMAHI;06/01/2003;2008;8178964105;20
307;Peyter;L;58 Fisk Street;GARUT;04/02/1999;1993;3104260694;24
308;Gris;L;347 Summer Ridge Pass;TASIKMALAYA;09/04/2002;2002;5863183266;21
309;April;P;0904 Wayridge Park;BANDUNG;06/01/2007;1996;3062626328;16
310;Joane;P;117 Cardinal Lane;KOTA BANDUNG;10/09/2004;1993;8788654761;19
311;Ethyl;P;932 Vidon Lane;KAB. BANDUNG;08/03/2007;2000;3535859449;16
312;Kristofer;L;0 Redwing Center;CIMAHI;08/11/2005;2007;9202214577;17
313;Babara;P;7771 Londonderry Park;GARUT;04/10/2002;2011;6458550152;21
314;Hilary;L;3 Pleasure Avenue;TASIKMALAYA;02/05/2002;2003;4145644475;21
315;Sollie;L;51 Sutteridge Terrace;BANDUNG;06/08/2000;1989;1662500061;23
316;Sheilakathryn;P;0413 Knutson Point;KOTA BANDUNG;06/01/2003;1990;9773379996;20
317;Analise;P;3853 Roth Terrace;KAB. BANDUNG;02/05/2003;2005;9799723810;20
318;Tatum;P;67970 Duke Avenue;CIMAHI;04/12/2004;2003;2443288465;18
319;Lotti;P;66356 Dakota Hill;GARUT;03/05/2006;2008;8595601591;17
320;Roselia;P;4976 Gateway Drive;TASIKMALAYA;10/08/2000;1998;1793428530;23
321;Aurelea;P;80229 Fulton Park;BANDUNG;01/03/2002;2003;5719530412;21
322;Gram;L;3 Rockefeller Pass;KOTA BANDUNG;07/12/2005;1984;4623260208;17
323;Gilbert;L;6 Rigney Street;KAB. BANDUNG;08/01/2004;2010;4699162893;19
324;Giselle;P;708 Eggendart Place;CIMAHI;07/03/2003;1988;2949860632;20
325;Vin;P;5 Tomscot Alley;GARUT;02/04/2004;1986;2214181996;19
326;Adriana;P;22177 Sage Drive;TASIKMALAYA;06/12/2003;2006;6281579333;19
327;Reina;P;5 Birchwood Junction;BANDUNG;10/09/2004;1992;6465414881;19
328;Yuma;L;4 Clemons Way;KOTA BANDUNG;08/08/2004;2007;4541437604;19
329;Reginauld;L;7944 Glacier Hill Alley;KAB. BANDUNG;05/03/2005;2009;9827420519;18
330;Gloriana;P;97 Forster Court;CIMAHI;09/01/2000;1993;8742310353;23
331;Mariel;P;3 Dryden Crossing;GARUT;10/05/2002;1996;9779439741;21
332;Minnaminnie;P;7 Rigney Junction;TASIKMALAYA;08/04/2005;2011;7397531265;18
333;Elicia;P;8 Clarendon Court;BANDUNG;04/08/2004;1994;3351592169;19
334;Lemuel;L;909 Dennis Court;KOTA BANDUNG;04/06/2001;1956;1092905152;22
335;Rouvin;L;32832 Iowa Trail;KAB. BANDUNG;03/05/2007;1990;6094027364;16
336;Burlie;L;04 Melby Junction;CIMAHI;03/08/2000;2005;6525918555;23
337;Kata;P;78 Scott Way;GARUT;02/03/2006;2000;5346084111;17
338;Zerk;L;53 Sugar Pass;TASIKMALAYA;07/03/2005;2000;5287766809;18
339;Myrah;P;9 Quincy Park;BANDUNG;11/09/1999;1989;6211523356;24
340;Vance;L;8 Schlimgen Street;KOTA BANDUNG;05/05/2000;1992;6827010448;23
341;Florri;P;0295 Eastlawn Parkway;KAB. BANDUNG;09/02/2001;1999;5186951318;22
342;Otis;L;10790 Center Place;CIMAHI;01/08/2002;2003;1536189668;21
343;Aldrich;L;135 Bonner Street;GARUT;03/05/2007;2003;5382753316;16
344;Clement;L;2 Sycamore Plaza;TASIKMALAYA;09/08/2002;1996;9331110815;21
345;Bel;P;1370 Straubel Way;BANDUNG;02/07/2004;1986;3169589993;19
346;Sarina;P;55 Oak Valley Court;KOTA BANDUNG;09/03/2005;2011;4317263435;18
347;Gregorio;L;8545 Dunning Drive;KAB. BANDUNG;03/06/2001;1991;8625068152;22
348;Marigold;P;6555 Artisan Trail;CIMAHI;11/02/2003;1995;2525007271;20
349;Lenee;P;7 Derek Parkway;GARUT;02/05/2002;2012;7691817581;21
350;Bordie;L;13 Scott Place;TASIKMALAYA;05/02/2004;2009;5266050326;19
351;Luigi;L;94314 Starling Point;BANDUNG;01/07/2003;2008;2406505828;20
352;Tate;L;5614 Haas Hill;KOTA BANDUNG;05/01/2004;1996;4121580838;19
353;Dal;L;6 Dapin Point;KAB. BANDUNG;06/11/2003;1996;5861661403;19
354;Elbertine;P;475 Scott Plaza;CIMAHI;01/11/2000;1989;4958422568;22
355;Salim;L;805 Morningstar Court;GARUT;09/02/2006;1992;7873524008;17
356;Margette;P;935 Ryan Street;TASIKMALAYA;10/05/1999;2002;9362676437;24
357;Sara-ann;P;2 Gulseth Junction;BANDUNG;12/11/2004;2006;4519192420;18
358;Mac;L;72478 Melody Center;KOTA BANDUNG;04/10/2006;2007;5225171612;17
359;Javier;L;8 Eggendart Street;KAB. BANDUNG;06/04/2003;2001;6583093369;20
360;Adan;L;22 Kedzie Alley;CIMAHI;07/07/2002;1999;3196176174;21
361;Abigail;P;121 Nova Lane;GARUT;10/02/2005;2008;1144777111;18
362;Rolando;L;80 Graceland Drive;TASIKMALAYA;03/06/2002;1963;5603227710;21
363;Carroll;L;482 Dixon Trail;BANDUNG;11/05/2003;2011;2772692165;20
364;Leslie;L;9 Tennyson Center;KOTA BANDUNG;07/01/2002;2011;4826352188;21
365;Georgie;L;190 Aberg Road;KAB. BANDUNG;10/03/2006;1996;6064504845;17
366;Reiko;P;8 Shopko Place;CIMAHI;12/12/1999;1991;2818274910;23
367;Odie;L;0943 Gerald Hill;GARUT;08/08/2000;1998;5389093051;23
368;Frederick;L;011 Calypso Court;TASIKMALAYA;01/12/2003;2004;3153089381;19
369;James;L;1 Kennedy Road;BANDUNG;01/10/2000;1995;6249222934;23
370;Jesse;P;6 Jana Point;KOTA BANDUNG;12/04/2000;2003;6923829731;23
371;Mikel;L;149 Lindbergh Plaza;KAB. BANDUNG;03/07/2006;2008;5729678885;17
372;Xavier;L;1963 Fair Oaks Place;CIMAHI;09/06/2006;2012;7835530722;17
373;Austen;L;883 Thompson Pass;GARUT;05/11/2003;1995;9543980719;19
374;Johnathan;L;15 5th Hill;TASIKMALAYA;11/04/2005;1997;6288686560;18
375;Bern;L;098 Graceland Place;BANDUNG;01/10/2000;2011;3745547432;23
376;Kippy;L;3 Birchwood Drive;KOTA BANDUNG;03/04/2001;1994;7627946631;22
377;Blondie;P;70768 Clemons Court;KAB. BANDUNG;07/02/2002;1999;2498992471;21
378;Karmen;P;216 Thierer Crossing;CIMAHI;02/04/2002;2002;7348157441;21
379;Alix;P;47 Calypso Trail;GARUT;04/03/2005;2011;7833145564;18
380;Neilla;P;4375 Barby Way;TASIKMALAYA;06/07/2000;1993;8903009021;23
381;Truman;L;98 Pierstorff Road;BANDUNG;06/09/2003;2012;9884087499;20
382;Claire;P;8 Pawling Parkway;KOTA BANDUNG;11/08/2001;2001;5278672719;22
383;Lonnie;P;790 Butternut Hill;KAB. BANDUNG;06/06/2003;1992;7381536980;20
384;Mindy;P;56519 Little Fleur Plaza;CIMAHI;12/08/2001;2002;2039617469;22
385;Justine;P;2 Truax Park;GARUT;06/04/2005;1998;2251305516;18
386;Maryjane;P;98 Dryden Lane;TASIKMALAYA;02/06/2006;1993;2038896505;17
387;Tina;P;205 Kensington Way;BANDUNG;12/09/2001;1998;2996079873;22
388;Nickie;L;80 Blackbird Hill;KOTA BANDUNG;02/12/2002;2007;5435969223;20
389;Brit;P;50627 Ilene Crossing;KAB. BANDUNG;04/09/2006;2006;4109123180;17
390;Dorey;P;14008 Clemons Plaza;CIMAHI;02/06/2005;2009;4921133466;18
391;Saxe;L;1670 Quincy Road;GARUT;05/12/2004;2013;9993720314;18
392;Bennie;L;60412 Victoria Street;TASIKMALAYA;01/11/2001;2002;6882982288;21
393;Di;P;9 Gina Park;BANDUNG;11/09/2003;2000;3809798428;20
394;Cher;P;7 Granby Lane;KOTA BANDUNG;06/08/2000;1992;3281229951;23
395;Boony;L;2 Eagan Drive;KAB. BANDUNG;12/07/2000;2008;2715121497;23
396;Rubi;P;5 Fallview Lane;CIMAHI;09/09/2000;2007;3354820090;23
397;Kaila;P;9768 Stephen Terrace;GARUT;10/08/2003;1999;8249421561;20
398;Matty;L;8802 Cottonwood Crossing;TASIKMALAYA;01/02/2002;2001;2157526323;21
399;Wells;L;8 Ludington Parkway;BANDUNG;09/03/1999;2003;8646244970;24
400;Belva;P;08516 High Crossing Way;KOTA BANDUNG;09/04/2002;1996;7018349223;21
401;Martyn;L;2690 Paget Crossing;KAB. BANDUNG;07/05/2004;1987;8769779110;19
402;Christy;L;6865 Warner Place;CIMAHI;06/10/2000;2008;2942869908;23
403;Nikolia;P;8402 Warbler Parkway;GARUT;12/04/2000;1989;3717992459;23
404;Casi;P;2792 Artisan Pass;TASIKMALAYA;08/05/2000;2004;3294423719;23
405;Calv;L;6464 Meadow Ridge Plaza;BANDUNG;02/05/2002;2004;1086423337;21
406;Padgett;L;32 Stoughton Place;KOTA BANDUNG;04/12/2003;1991;1681274807;19
407;Tamiko;P;1 Independence Parkway;KAB. BANDUNG;01/10/2001;1999;8474911975;22
408;Marlon;L;992 Kim Terrace;CIMAHI;08/06/2004;1995;4009269886;19
409;Joachim;L;19608 David Terrace;GARUT;06/01/2002;1992;1647895541;21
410;Tine;P;76402 Carioca Point;TASIKMALAYA;08/07/2002;2003;7915886683;21
411;Ebony;P;396 Clove Road;BANDUNG;10/10/2002;1996;2332459216;21
412;Hendrick;L;3 Fordem Place;KOTA BANDUNG;02/11/2002;1989;7244997716;20
413;Baudoin;L;70 Cardinal Court;KAB. BANDUNG;03/04/2005;2006;1554289400;18
414;Bartholomeo;L;92004 Lillian Parkway;CIMAHI;02/04/2006;2010;2497598153;17
415;Harman;L;7111 Maple Avenue;GARUT;08/08/2000;2003;5804315450;23
416;Aguistin;L;5 Reinke Center;TASIKMALAYA;06/10/2005;2008;3659963401;18
417;Raoul;L;271 Oneill Drive;BANDUNG;09/09/2005;2009;7496335512;18
418;Pris;P;7 Cascade Alley;KOTA BANDUNG;12/09/2004;2006;8678313370;19
419;Monty;L;424 Sheridan Junction;KAB. BANDUNG;03/11/2000;1987;6246203137;22
420;Cherlyn;P;411 Pearson Street;CIMAHI;04/12/2005;2006;8767728418;17
421;Kelli;P;8406 Gateway Center;GARUT;08/01/2004;2002;5842422935;19
422;Jaimie;L;28385 Pierstorff Court;TASIKMALAYA;06/05/2002;2007;5212621919;21
423;Cello;L;62 Luster Crossing;BANDUNG;08/05/2003;2006;8434027321;20
424;Arlan;L;344 Holmberg Center;KOTA BANDUNG;07/01/2001;2002;8912370230;22
425;Tully;L;849 Farmco Court;KAB. BANDUNG;07/07/2006;1998;4062197220;17
426;Chiquita;P;039 Milwaukee Point;CIMAHI;06/04/2000;2010;6943682342;23
427;Guendolen;P;9 Pennsylvania Terrace;GARUT;08/08/2004;2003;3222104279;19
428;Rouvin;L;96 Lawn Avenue;TASIKMALAYA;08/01/2001;2006;4041047181;22
429;Alfy;L;02 Morningstar Terrace;BANDUNG;09/04/2007;2011;5664172846;16
430;Van;L;6 Sunbrook Plaza;KOTA BANDUNG;10/04/2002;2006;6399539151;21
431;Shelli;P;96146 Redwing Center;KAB. BANDUNG;04/02/2003;2009;2339751500;20
432;Abbe;P;8 Mandrake Point;CIMAHI;10/10/2003;1993;3445321311;20
433;Sarena;P;0 Katie Parkway;GARUT;04/08/2003;2002;5535250842;20
434;Hershel;L;77 Ronald Regan Road;TASIKMALAYA;07/09/2003;2011;4485840763;20
435;Aldus;L;84 Arapahoe Hill;BANDUNG;10/01/1999;2010;5349996828;24
436;Raleigh;L;2 Fordem Place;KOTA BANDUNG;04/11/2004;2008;4733851009;18
437;Paddy;L;36 Hallows Park;KAB. BANDUNG;02/05/2002;2011;2114239760;21
438;Vin;P;42 Gina Avenue;CIMAHI;04/06/2005;1983;8746654563;18
439;Anitra;P;385 Larry Park;GARUT;10/10/2004;2007;5524456686;19
440;Chancey;L;5260 East Center;TASIKMALAYA;09/11/2004;2012;6108625898;18
441;Asia;P;1105 Garrison Crossing;BANDUNG;12/02/2002;1972;6196272938;21
442;Terri-jo;P;56 Bluejay Terrace;KOTA BANDUNG;08/10/2002;1991;6758462160;21
443;Sandor;L;22000 Norway Maple Lane;KAB. BANDUNG;01/08/2003;2012;4845891337;20
444;Gradeigh;L;9354 Mockingbird Lane;CIMAHI;08/07/2003;1995;6218236634;20
445;Simone;P;559 Canary Plaza;GARUT;01/09/2003;2007;3874207047;20
446;Stan;L;18583 Clyde Gallagher Drive;TASIKMALAYA;06/11/2003;1993;9462903950;19
447;Luciana;P;6073 8th Court;BANDUNG;06/05/2004;2000;6864292105;19
448;Corty;L;2 Schurz Parkway;KOTA BANDUNG;02/11/2002;2008;6232570269;20
449;Evita;P;46 Muir Trail;KAB. BANDUNG;05/04/2006;2011;3445000103;17
450;Garald;L;374 Granby Center;CIMAHI;01/01/2005;2003;3604266026;18
451;Tildie;P;16 Sundown Place;GARUT;02/03/1999;2009;9803713971;24
452;Pia;P;43 North Way;TASIKMALAYA;10/07/2000;2006;4528913416;23
453;Dilly;L;499 Hoffman Road;BANDUNG;10/02/2004;1995;2842245171;19
454;Ariel;L;7015 Oakridge Place;KOTA BANDUNG;07/07/2001;2001;3236132191;22
455;Neale;L;85507 Randy Circle;KAB. BANDUNG;06/06/2005;2006;4699002807;18
456;Edan;L;7445 Starling Center;CIMAHI;05/12/2002;1995;1348443013;20
457;Chaunce;L;46984 Forest Pass;GARUT;07/04/2007;2002;9079713268;16
458;Morley;L;891 Shasta Pass;TASIKMALAYA;03/06/2002;1998;6841982171;21
459;Sherill;P;494 Kennedy Parkway;BANDUNG;03/02/2006;2009;7432159828;17
460;Harmonie;P;7 Knutson Pass;KOTA BANDUNG;04/02/2006;1997;5175241092;17
461;Audy;P;4894 Waubesa Way;KAB. BANDUNG;04/09/2005;1992;1507159010;18
462;Jo-ann;P;5517 Briar Crest Drive;CIMAHI;12/05/2002;1994;1494022425;21
463;Harlan;L;637 Leroy Street;GARUT;06/05/2007;1989;9526007536;16
464;Vitia;P;4169 Fair Oaks Junction;TASIKMALAYA;04/04/2004;2003;8347994136;19
465;Kiley;P;473 Mccormick Trail;BANDUNG;10/01/2002;1998;2216726336;21
466;Vinny;L;1 Macpherson Pass;KOTA BANDUNG;09/02/2001;1999;2349253346;22
467;Celestyna;P;0876 Nevada Lane;KAB. BANDUNG;01/02/2000;1995;7093806603;23
468;Tonie;P;67 Summer Ridge Place;CIMAHI;06/09/2004;2001;3482467661;19
469;Carlynn;P;794 Sommers Alley;GARUT;08/04/2006;2012;8939720456;17
470;Milton;L;291 Spohn Point;TASIKMALAYA;06/05/2005;2003;4803087509;18
471;Victoir;L;1305 Artisan Terrace;BANDUNG;06/08/2000;1995;3728467927;23
472;Franklyn;L;74378 Golden Leaf Hill;KOTA BANDUNG;06/06/2005;2006;6171787191;18
473;Florette;P;05 Fuller Crossing;KAB. BANDUNG;11/09/2003;1993;8166159111;20
474;Hayes;L;887 Marcy Crossing;CIMAHI;11/07/2002;1963;5175240918;21
475;Kessiah;P;89836 Helena Pass;GARUT;08/07/2003;2005;9179182904;20
476;Denys;P;1 Northfield Pass;TASIKMALAYA;12/04/2003;1986;9318211966;20
477;Imogen;P;4 Buhler Drive;BANDUNG;03/12/2006;2012;2665794520;16
478;Haily;L;63404 Daystar Circle;KOTA BANDUNG;01/10/2004;2007;4654444901;19
479;Diane;P;0922 Straubel Alley;KAB. BANDUNG;09/04/2001;2003;4707002585;22
480;Fransisco;L;1030 Columbus Hill;CIMAHI;05/01/2001;1997;8471161836;22
481;Ailbert;L;84077 Pepper Wood Lane;GARUT;12/12/1998;2005;7311429837;24
482;Merline;P;01340 Burrows Crossing;TASIKMALAYA;05/03/2003;2013;2201395079;20
483;Claus;L;802 Bowman Street;BANDUNG;02/09/2005;2011;6208156392;18
484;Hoebart;L;175 Bluejay Trail;KOTA BANDUNG;01/02/2001;1992;9306252021;22
485;Gerianne;P;51912 Green Parkway;KAB. BANDUNG;05/08/2005;1992;5421044981;18
486;Brynna;P;7725 Melody Terrace;CIMAHI;05/03/1999;1999;8715084232;24
487;Suki;P;286 Lighthouse Bay Drive;GARUT;04/05/2001;2000;2867988419;22
488;Ryun;L;86 Logan Circle;TASIKMALAYA;05/10/2000;2011;4366640628;23
489;Joyan;P;26070 Delladonna Circle;BANDUNG;04/01/2002;1989;9962211144;21
490;Durante;L;07 Muir Point;KOTA BANDUNG;09/12/2000;2003;2554831659;22
491;Derrik;L;57951 Rusk Hill;KAB. BANDUNG;06/09/2003;1995;2684853408;20
492;Fitz;L;96640 New Castle Trail;CIMAHI;09/11/2002;1999;2551619865;20
493;Farand;P;806 Roth Drive;GARUT;03/03/2001;2004;7486505363;22
494;Garrett;L;15601 Jackson Plaza;TASIKMALAYA;09/08/2001;2008;6146868921;22
495;Kameko;P;4490 Swallow Trail;BANDUNG;12/07/2003;1992;4931478460;20
496;Pearce;L;6 Barby Point;KOTA BANDUNG;07/05/2002;1999;7685036309;21
497;Kile;L;80 Lyons Plaza;KAB. BANDUNG;01/07/2005;2009;8656178823;18
498;Hussein;L;128 Browning Point;CIMAHI;05/10/2003;2008;2667348116;20
499;Bamby;P;2168 Blaine Plaza;GARUT;05/03/2006;2003;9165378730;17
500;Ransell;L;0 Troy Court;TASIKMALAYA;10/04/2004;2012;8863910717;19
501;Trenton;L;33612 Mccormick Plaza;BANDUNG;06/12/2004;1986;1482964415;18
502;Arlyne;P;31725 Evergreen Center;KOTA BANDUNG;06/01/2006;1992;3298624680;17
503;Thibaut;L;30613 Rigney Avenue;KAB. BANDUNG;06/01/2007;2010;8173038417;16
504;Lidia;P;9 Atwood Avenue;CIMAHI;06/03/2006;2011;5774897553;17
505;Wallas;L;2 Troy Court;GARUT;05/05/2003;1997;4159030714;20
506;Karmen;P;4 Birchwood Place;TASIKMALAYA;05/07/2005;2001;4719239579;18
507;Granville;L;5 Forest Dale Court;BANDUNG;11/02/2000;1997;6508320003;23
508;Cristina;P;5 Alpine Park;KOTA BANDUNG;12/06/2000;1986;7437446292;23
509;Christopher;L;03128 Bartillon Pass;KAB. BANDUNG;03/02/2001;1985;2682468345;22
510;Aylmar;L;632 Commercial Hill;CIMAHI;03/03/2005;1997;3532948769;18
511;Irwin;L;3486 South Terrace;GARUT;08/11/1999;1986;2845635569;23
512;Franny;L;6275 Moose Point;TASIKMALAYA;02/08/2000;2003;7579271214;23
513;Lida;P;42744 Warrior Alley;BANDUNG;03/04/2005;2011;2129417501;18
514;Addi;P;3568 Buena Vista Road;KOTA BANDUNG;04/07/2005;1999;3363443760;18
515;Erasmus;L;34258 Hintze Plaza;KAB. BANDUNG;04/04/2004;1994;6634038939;19
516;Noam;L;6033 Steensland Road;CIMAHI;11/09/2001;2003;4112334394;22
517;Sharl;P;995 Blackbird Trail;GARUT;02/04/2001;2012;4149156926;22
518;Bearnard;L;4572 Old Shore Park;TASIKMALAYA;01/04/2001;2010;4165331608;22
519;Zebulon;L;16 Forest Run Road;BANDUNG;08/12/2002;1990;3247350338;20
520;Ryun;L;6 Granby Park;KOTA BANDUNG;08/06/2007;2002;7674144411;16
521;Ezechiel;L;565 Talisman Terrace;KAB. BANDUNG;11/08/1999;2001;9976067283;24
522;Alexandre;L;27 Oxford Place;CIMAHI;09/02/1999;1992;7338949453;24
523;Stevy;L;50 Southridge Court;GARUT;02/09/2001;2002;4859703195;22
524;Skip;L;30180 Lindbergh Street;TASIKMALAYA;05/08/2005;2004;7371810789;18
525;Kassi;P;4 Amoth Pass;BANDUNG;10/04/2002;1995;2395739237;21
526;Rosaleen;P;90 Golf Course Street;KOTA BANDUNG;02/05/2003;1988;9372131203;20
527;Kiele;P;78 Debs Center;KAB. BANDUNG;11/02/2002;2008;6871765656;21
528;Ursala;P;911 Moulton Lane;CIMAHI;07/04/2004;1973;1349675785;19
529;Cass;L;1733 Ludington Crossing;GARUT;11/06/2004;1998;4079719704;19
530;Terra;P;028 Bashford Pass;TASIKMALAYA;06/04/2003;1995;3392671754;20
531;Ervin;L;28 Dovetail Street;BANDUNG;06/05/2002;2009;1261401206;21
532;Giraud;L;6689 Loftsgordon Parkway;KOTA BANDUNG;08/06/2003;1992;6541721313;20
533;Minda;P;9151 Harbort Hill;KAB. BANDUNG;08/06/2003;2009;4973441157;20
534;Kari;P;0498 Lillian Park;CIMAHI;07/01/2000;1993;3145839183;23
535;Obidiah;L;06 Walton Hill;GARUT;02/05/2002;2002;3759013862;21
536;Francklin;L;89373 Morning Road;TASIKMALAYA;07/10/1999;1992;4092616156;24
537;Christabel;P;8 Melody Parkway;BANDUNG;08/12/2004;2011;4422773877;18
538;Donnie;L;4442 Talmadge Road;KOTA BANDUNG;10/08/2004;2002;6489510362;19
539;Mayor;L;34 Hollow Ridge Place;KAB. BANDUNG;03/10/2003;2006;5517519223;20
540;Ethe;L;328 Aberg Trail;CIMAHI;03/04/2005;1991;2854753691;18
541;Loreen;P;84 Sundown Pass;GARUT;10/03/2000;2004;6503504859;23
542;Jasmin;P;49 Victoria Drive;TASIKMALAYA;11/08/2002;2006;4804880421;21
543;Bobine;P;41948 Barby Parkway;BANDUNG;07/05/2003;2004;3303299596;20
544;Andy;L;6 Sheridan Trail;KOTA BANDUNG;04/07/2003;2002;5654441275;20
545;Veronike;P;7882 Oriole Lane;KAB. BANDUNG;03/04/2002;1988;7021377815;21
546;Catie;P;92319 Laurel Parkway;CIMAHI;09/12/2001;2002;6242184728;21
547;Danice;P;88 Eagan Court;GARUT;12/05/2001;1994;4282444856;22
548;Kaspar;L;54 Sachs Center;TASIKMALAYA;07/06/2005;2010;2678142278;18
549;Amalea;P;02 Tony Hill;BANDUNG;06/08/2004;1998;4451877857;19
550;Karrie;P;462 Donald Parkway;KOTA BANDUNG;06/05/2000;1993;4551213889;23
551;Ashbey;L;3 Hintze Terrace;KAB. BANDUNG;06/06/2003;2003;3232763481;20
552;Faustine;P;53 Amoth Drive;CIMAHI;02/03/2004;1996;8596213329;19
553;Homere;L;84437 Stephen Park;GARUT;08/05/1999;2009;9375918932;24
554;Woodrow;L;3881 Hauk Parkway;TASIKMALAYA;03/04/1999;2004;8859202807;24
555;Flory;P;62 Kennedy Road;BANDUNG;10/02/2001;2010;5988589332;22
556;Tann;L;21942 Morningstar Point;KOTA BANDUNG;12/09/2000;2006;8472207564;23
557;Hamnet;L;8 3rd Avenue;KAB. BANDUNG;11/05/2003;2002;5452665864;20
558;Chloette;P;984 Armistice Pass;CIMAHI;09/11/2000;2009;3801501777;22
559;Danita;P;6 Dorton Avenue;GARUT;11/02/2001;1992;1009312855;22
560;Godart;L;22712 Scofield Terrace;TASIKMALAYA;09/08/1999;1994;8998614423;24
561;Gian;L;6 Melby Road;BANDUNG;01/02/2001;1995;4748587642;22
562;Elene;P;1 Dunning Junction;KOTA BANDUNG;08/12/2000;1994;4021182370;22
563;Roarke;L;8 Butterfield Court;KAB. BANDUNG;08/11/2001;1992;5732372505;21
564;Dorey;L;2 Heffernan Point;CIMAHI;06/07/2001;2000;2325901067;22
565;Carl;L;9688 Rockefeller Junction;GARUT;01/04/2006;2010;2528677477;17
566;Gage;L;930 Pearson Center;TASIKMALAYA;06/12/2003;1992;3953055591;19
567;Ash;L;63 Reindahl Point;BANDUNG;10/03/2001;2007;3157179205;22
568;Claiborn;L;95 Blue Bill Park Street;KOTA BANDUNG;03/03/2001;1993;8909403971;22
569;Gerhardt;L;167 Everett Crossing;KAB. BANDUNG;10/01/2005;1990;3924229860;18
570;Danika;P;84 Texas Hill;CIMAHI;10/03/2001;1997;3325476729;22
571;Rossie;L;8700 Little Fleur Alley;GARUT;03/02/2007;1985;1304336636;16
572;Caz;L;7108 Rigney Plaza;TASIKMALAYA;02/05/2006;2009;4446950564;17
573;Amerigo;L;9 Surrey Court;BANDUNG;11/05/2000;1992;8084680337;23
574;Julie;P;06529 Division Hill;KOTA BANDUNG;01/03/2003;1997;3538086292;20
575;Nelli;P;7035 Anhalt Parkway;KAB. BANDUNG;06/01/2003;1998;8663155702;20
576;Arabelle;P;368 Onsgard Plaza;CIMAHI;04/07/2004;1995;6134452790;19
577;Krishnah;L;40853 Pierstorff Court;GARUT;10/04/2001;1991;6678209055;22
578;Jessie;P;29356 Leroy Parkway;TASIKMALAYA;11/07/2005;2003;8916540993;18
579;Rowan;L;48 Hermina Plaza;BANDUNG;05/09/2006;1990;6237693267;17
580;Georgie;L;618 Amoth Center;KOTA BANDUNG;08/09/2001;2007;7383507195;22
581;Rob;L;01609 Parkside Junction;KAB. BANDUNG;12/02/2005;1997;3244815437;18
582;Chloette;P;265 1st Road;CIMAHI;08/12/2005;1994;2536225639;17
583;Helena;P;2 Ridge Oak Hill;GARUT;07/12/2001;2003;8617060961;21
584;Faydra;P;8 Nova Hill;TASIKMALAYA;10/02/2002;1996;9119435414;21
585;Adela;P;9996 Glendale Hill;BANDUNG;09/07/1999;2012;7815183696;24
586;Justina;P;2 Vermont Place;KOTA BANDUNG;07/01/2005;2011;6857756897;18
587;Frieda;P;17090 Fairfield Avenue;KAB. BANDUNG;02/02/2003;1984;5823350897;20
588;Hatty;P;5316 Spaight Lane;CIMAHI;07/01/2006;1998;7692375652;17
589;Corabel;P;6030 Buell Terrace;GARUT;10/10/2000;2005;2344570998;23
590;Devinne;P;19 South Point;TASIKMALAYA;09/09/2005;2011;9453082764;18
591;Corny;L;7 Fairview Parkway;BANDUNG;12/08/2001;2012;2262742744;22
592;Alejandro;L;4394 Farwell Alley;KOTA BANDUNG;01/12/2001;2006;3546731896;21
593;Wilfred;L;323 Ruskin Parkway;KAB. BANDUNG;02/01/2003;2008;6782956587;20
594;Katuscha;P;9 Lighthouse Bay Avenue;CIMAHI;02/01/2005;1992;5279072494;18
595;Bev;L;9 Washington Street;GARUT;05/06/2006;2005;2349262602;17
596;Corine;P;1068 Maywood Court;TASIKMALAYA;09/04/2003;2007;1554446234;20
597;Giavani;L;48602 Bunker Hill Drive;BANDUNG;04/02/2004;1993;7744044919;19
598;Salem;L;50656 Mockingbird Drive;KOTA BANDUNG;03/09/2004;1997;5233708288;19
599;Sidoney;P;0785 Cody Crossing;KAB. BANDUNG;08/07/2005;1997;1972877781;18
600;Suki;P;27 Manufacturers Hill;CIMAHI;06/10/2002;2009;6074040086;21
601;Lindy;P;02573 Laurel Lane;GARUT;07/01/2001;2009;9095317988;22
602;Tabina;P;857 Larry Point;TASIKMALAYA;07/11/2000;1998;3969520909;22
603;Garrot;L;8018 Butterfield Junction;BANDUNG;11/05/2002;1994;8422196175;21
604;Berny;P;8561 Jana Place;KOTA BANDUNG;01/07/2007;1984;3602052945;16
605;Micki;P;65 Eastlawn Parkway;KAB. BANDUNG;03/05/2002;1994;2059576276;21
606;Jethro;L;621 Summer Ridge Place;CIMAHI;08/11/2005;2000;4521463919;17
607;Kaine;L;2 Victoria Plaza;GARUT;07/12/2002;2001;9783838279;20
608;Curtice;L;39264 7th Road;TASIKMALAYA;02/07/1999;2005;6895734206;24
609;Kris;P;698 Bunting Court;BANDUNG;03/12/2003;2000;4426585234;19
610;Nicola;L;59 Butternut Plaza;KOTA BANDUNG;12/10/2003;1998;6745896227;20
611;Barney;L;253 Ryan Place;KAB. BANDUNG;10/06/2006;1999;5956226368;17
612;Darwin;L;2 John Wall Circle;CIMAHI;07/02/2001;2009;2507105506;22
613;Karlotta;P;393 Roth Trail;GARUT;04/03/2005;2001;4927707910;18
614;Mitzi;P;85 Golf Plaza;TASIKMALAYA;04/03/2000;2005;4191324287;23
615;Aurea;P;5 Lindbergh Avenue;BANDUNG;02/10/2005;1997;2776670706;18
616;Gabe;L;9879 4th Parkway;KOTA BANDUNG;12/02/2000;2011;2397819924;23
617;Graig;L;383 Forest Run Terrace;KAB. BANDUNG;01/07/2002;2001;7718948677;21
618;Hollie;P;54526 Vermont Road;CIMAHI;05/12/2004;2009;5224733550;18
619;Sebastien;L;06265 Sauthoff Street;GARUT;08/10/2004;2007;8611007155;19
620;Yale;L;19351 Golf Course Trail;TASIKMALAYA;09/12/2006;1989;4732400945;16
621;Raeann;P;84 Fair Oaks Road;BANDUNG;11/08/2000;2008;4573828133;23
622;Marita;P;4331 Canary Drive;KOTA BANDUNG;11/08/2000;2006;6925187458;23
623;Hilda;P;26 Saint Paul Drive;KAB. BANDUNG;04/04/2003;1999;9398175904;20
624;Orv;L;53 Carberry Lane;CIMAHI;08/01/2004;2007;9841759885;19
625;Brander;L;556 Lillian Park;GARUT;07/09/2005;1999;1996426600;18
626;Fae;P;861 Fremont Drive;TASIKMALAYA;10/01/2006;2002;5167506226;17
627;Lily;P;918 Truax Terrace;BANDUNG;11/03/2003;1986;6394353369;20
628;Bridie;P;3 Westridge Plaza;KOTA BANDUNG;06/02/2005;2012;3597073576;18
629;Clair;L;19 Little Fleur Crossing;KAB. BANDUNG;02/05/2002;2006;8904415904;21
630;Arluene;P;7656 Miller Hill;CIMAHI;03/01/2001;2003;6259044848;22
631;Odille;P;1 Oneill Crossing;GARUT;10/05/2005;2008;4799804446;18
632;Kalindi;P;66007 Moulton Alley;TASIKMALAYA;05/08/1999;1996;9993257102;24
633;Parnell;L;553 Sherman Street;BANDUNG;11/01/1999;2012;2201996406;24
634;Myer;L;4 Dixon Court;KOTA BANDUNG;08/06/2002;2007;4989572609;21
635;Bertrand;L;0 Meadow Vale Street;KAB. BANDUNG;08/12/2003;2012;5335168819;19
636;Oswell;L;6 Spohn Trail;CIMAHI;01/01/2002;1995;9389279637;21
637;Cynthie;P;8310 Fairfield Crossing;GARUT;09/03/2003;2006;9853630469;20
638;Fannie;P;54156 Granby Alley;TASIKMALAYA;12/06/2004;2002;8593688246;19
639;Norina;P;3192 Grim Center;BANDUNG;05/10/2001;2002;5946920851;22
640;Rubin;L;94 Graceland Court;KOTA BANDUNG;02/01/2000;2001;2542226943;23
641;Gretna;P;81060 Thierer Point;KAB. BANDUNG;03/07/2007;1993;6755045646;16
642;Warde;L;82 Sommers Lane;CIMAHI;06/02/1999;2010;1763350878;24
643;Aigneis;P;8 Mallard Park;GARUT;06/12/1999;2009;8496373862;23
644;Renate;P;848 Maple Center;TASIKMALAYA;06/06/2006;2004;6716729305;17
645;Trudie;P;464 Maple Wood Circle;BANDUNG;03/03/2004;2012;8966357819;19
646;Shelagh;P;312 Homewood Pass;KOTA BANDUNG;05/08/2000;1986;1031249474;23
647;Farand;P;86126 Emmet Alley;KAB. BANDUNG;05/03/2004;2002;5639236160;19
648;Serene;P;74 Calypso Alley;CIMAHI;07/12/2003;2009;9478851916;19
649;Hymie;L;42 Delaware Place;GARUT;06/04/2004;1990;3922790858;19
650;Berni;P;5 Chive Parkway;TASIKMALAYA;05/05/2005;1998;3037185148;18
651;Nicolai;L;6336 La Follette Plaza;BANDUNG;08/03/2006;1984;7738537379;17
652;Nataniel;L;199 Mallard Terrace;KOTA BANDUNG;03/04/1999;2004;8008121583;24
653;Harcourt;L;7535 Merrick Court;KAB. BANDUNG;02/10/2003;1999;5071878371;20
654;Janice;P;6 Mayer Circle;CIMAHI;02/06/2003;2005;2959182300;20
655;Sibley;P;15 Spaight Road;GARUT;06/07/2003;2001;6196236877;20
656;Charlena;P;80025 Dixon Avenue;TASIKMALAYA;07/11/2005;1988;7972046280;17
657;Phebe;P;8 Porter Circle;BANDUNG;12/02/2003;1994;4571745715;20
658;Carena;P;54 Blue Bill Park Center;KOTA BANDUNG;07/03/2000;1999;1149539940;23
659;Thedrick;L;6433 Oriole Street;KAB. BANDUNG;05/10/2002;2004;8512584107;21
660;Price;L;5 Prentice Crossing;CIMAHI;02/03/2004;1993;1244559526;19
661;Rolf;L;845 Delladonna Circle;GARUT;10/09/2003;2012;7471483710;20
662;Enid;P;45 Ryan Pass;TASIKMALAYA;07/04/2005;1998;4374310399;18
663;Kendre;P;2 Hoffman Street;BANDUNG;12/01/2005;2012;7846561536;18
664;Vladimir;L;0 Mockingbird Street;KOTA BANDUNG;04/12/1999;2001;8189789957;23
665;Nerty;P;677 Pankratz Hill;KAB. BANDUNG;01/12/2006;2007;9519857853;16
666;Pierette;P;118 Northwestern Avenue;CIMAHI;07/08/2006;1985;1911385310;17
667;Marlo;L;52627 Moulton Circle;GARUT;01/03/2005;2010;2027631396;18
668;Joete;P;4499 Delaware Drive;TASIKMALAYA;06/08/2003;2007;8124502247;20
669;Christabella;P;53 Pearson Parkway;BANDUNG;10/08/2003;1988;7358807207;20
670;Jeffrey;L;3 Annamark Park;KOTA BANDUNG;04/08/2004;2000;3507638357;19
671;Aura;P;82 Del Sol Hill;KAB. BANDUNG;01/03/2003;1994;8673934443;20
672;Moyna;P;90 New Castle Plaza;CIMAHI;09/10/2005;2010;5839176228;18
673;Jannel;P;95078 Melby Plaza;GARUT;02/01/2005;1992;5419575186;18
674;Talbot;L;973 Ilene Trail;TASIKMALAYA;08/07/2005;2003;7057753879;18
675;Maire;P;2302 Carpenter Terrace;BANDUNG;04/08/2005;1968;7897333965;18
676;Dwayne;L;57 Daystar Road;KOTA BANDUNG;10/07/2004;2003;6626238288;19
677;Ileane;P;0393 Loeprich Terrace;KAB. BANDUNG;08/05/2004;1996;6834427737;19
678;Rodolph;L;1777 Glendale Way;CIMAHI;09/10/2005;2004;9508798738;18
679;Arny;L;434 Pawling Park;GARUT;12/02/2005;2012;6833264743;18
680;Cory;L;28164 Erie Way;TASIKMALAYA;10/12/2001;1996;8952171671;21
681;Sholom;L;6 Haas Place;BANDUNG;05/04/2002;2010;2806009073;21
682;Mariele;P;5098 Meadow Ridge Park;KOTA BANDUNG;10/02/2005;1995;9264347532;18
683;Bethany;P;980 Carioca Place;KAB. BANDUNG;07/03/2004;2004;6907449543;19
684;Eugine;P;65 Warbler Hill;CIMAHI;01/07/2004;1999;8734898004;19
685;Archibald;L;4508 Hazelcrest Court;GARUT;04/01/2002;1999;4638149398;21
686;Ainsley;P;01 Magdeline Trail;TASIKMALAYA;09/09/2001;2001;6059992843;22
687;Tatiania;P;89810 High Crossing Circle;BANDUNG;12/11/1999;1990;1981026045;23
688;Larissa;P;32163 Judy Way;KOTA BANDUNG;08/10/2003;2009;7627932392;20
689;Boonie;L;0 Ridgeview Avenue;KAB. BANDUNG;03/05/2005;2008;6653344488;18
690;Lorine;P;8949 Springs Hill;CIMAHI;07/08/2006;2011;2919366666;17
691;Benjamin;L;8291 Dottie Trail;GARUT;10/02/2002;1996;1493233154;21
692;Gilli;P;451 Di Loreto Lane;TASIKMALAYA;04/12/2003;1987;2515762009;19
693;Preston;L;7 Paget Place;BANDUNG;07/11/2002;1993;3192391214;20
694;Marinna;P;35 Nobel Way;KOTA BANDUNG;04/03/2007;2007;3299062497;16
695;Ira;P;906 Vahlen Avenue;KAB. BANDUNG;07/10/2002;1999;8433352043;21
696;Gweneth;P;6 Johnson Terrace;CIMAHI;02/08/2006;2004;6664644436;17
697;Velma;P;0 Eliot Hill;GARUT;10/04/2000;2011;1642920686;23
698;Stan;L;44572 Mcbride Avenue;TASIKMALAYA;04/08/2000;1994;9802700388;23
699;Madelon;P;8 Roxbury Point;BANDUNG;05/01/2003;2004;9529306180;20
700;Darby;L;20712 Dexter Lane;KOTA BANDUNG;12/07/2006;1988;4621488298;17
701;Keri;P;50 Fieldstone Junction;KAB. BANDUNG;03/07/2004;2010;1526153236;19
702;Lynsey;P;48940 Esker Terrace;CIMAHI;06/10/2001;2007;9142946639;22
703;Edwin;L;77172 Anzinger Street;GARUT;11/07/2002;1998;3463348901;21
704;Jilleen;P;088 Jay Hill;TASIKMALAYA;03/04/2000;1998;9554829479;23
705;Sinclare;L;29559 Katie Avenue;BANDUNG;07/07/2002;1993;7818872924;21
706;Archer;L;29245 Melby Parkway;KOTA BANDUNG;05/02/2006;2005;4808011141;17
707;Beniamino;L;92 Jenna Parkway;KAB. BANDUNG;05/03/2003;2005;3606748013;20
708;Grove;L;2292 Waywood Alley;CIMAHI;03/10/2001;1997;6265585703;22
709;Obadias;L;9 Morrow Lane;GARUT;09/10/2001;2003;6198879307;22
710;Wini;P;524 Acker Road;TASIKMALAYA;11/06/1999;2001;7404736594;24
711;Horatia;P;20197 Clemons Road;BANDUNG;07/08/2003;2010;8491247785;20
712;Robinia;P;7078 Hermina Alley;KOTA BANDUNG;02/07/2003;2001;8315122816;20
713;Licha;P;61988 Darwin Point;KAB. BANDUNG;03/04/2003;2002;3621358497;20
714;Felita;P;1 Mockingbird Trail;CIMAHI;07/05/2004;1985;1458617575;19
715;Giuseppe;L;20685 Johnson Hill;GARUT;09/07/2003;2007;1567214785;20
716;Asia;P;2262 Darwin Parkway;TASIKMALAYA;07/07/2000;2008;3081330936;23
717;Geri;P;8 Orin Drive;BANDUNG;04/01/2007;1992;3191571704;16
718;Gallagher;L;827 Northport Terrace;KOTA BANDUNG;12/03/2006;2005;7028010790;17
719;Shoshana;P;71663 Lukken Junction;KAB. BANDUNG;06/10/2003;2008;5265760529;20
720;Bartholomew;L;849 Manitowish Lane;CIMAHI;05/07/2005;1997;1392411083;18
721;Ogden;L;2 Browning Parkway;GARUT;09/07/2000;2013;3902776316;23
722;Anna-diane;P;5380 Luster Point;TASIKMALAYA;04/08/2004;2010;7563617260;19
723;Lynnett;P;0 Annamark Junction;BANDUNG;03/02/2001;2009;1141267752;22
724;Amabel;P;22 Gina Drive;KOTA BANDUNG;11/12/2002;2009;8273611935;20
725;Clementine;P;39722 Longview Road;KAB. BANDUNG;01/08/2003;2003;6392041689;20
726;Nil;L;557 Fuller Terrace;CIMAHI;07/06/2000;2006;6657317234;23
727;Dyane;P;74881 Lotheville Avenue;GARUT;06/03/2006;1988;2422277448;17
728;Mattheus;L;7 Jay Terrace;TASIKMALAYA;09/05/2007;2008;3601645165;16
729;Man;L;1556 Orin Hill;BANDUNG;04/06/2005;2003;8076721769;18
730;Sydney;L;4159 Warner Terrace;KOTA BANDUNG;08/04/2002;2009;2294272430;21
731;Cristabel;P;852 Brentwood Street;KAB. BANDUNG;03/09/2000;2011;1671513813;23
732;Obadias;L;282 Hallows Park;CIMAHI;03/06/2002;1997;9942074883;21
733;Annamaria;P;692 Maple Trail;GARUT;12/04/1999;1995;1701573571;24
734;Bari;P;546 Moland Hill;TASIKMALAYA;11/10/1999;2003;1199892290;24
735;Rudie;L;3 Cottonwood Pass;BANDUNG;10/05/1999;2010;3442043041;24
736;Kayne;L;3 Sycamore Drive;KOTA BANDUNG;03/07/2000;2008;1595626289;23
737;Link;L;31 Kensington Lane;KAB. BANDUNG;07/08/2002;1993;1344839376;21
738;Olly;L;86 Scofield Trail;CIMAHI;09/05/2007;1992;3399853740;16
739;Sarene;P;8 Stoughton Parkway;GARUT;08/05/2007;2007;3928279993;16
740;Marcie;P;27539 Kennedy Parkway;TASIKMALAYA;08/02/2003;1994;1927478512;20
741;Simon;L;7780 Morning Plaza;BANDUNG;12/07/2001;1996;5023134008;22
742;Carla;P;69495 Golf Course Park;KOTA BANDUNG;03/12/2005;1992;6173772102;17
743;Cecil;L;98006 Haas Road;KAB. BANDUNG;02/05/1999;2007;8328594690;24
744;Sheffy;L;05476 Graedel Plaza;CIMAHI;08/05/2001;2001;2941503138;22
745;Callean;L;61 Colorado Place;GARUT;09/06/2003;2007;3362182437;20
746;Derward;L;18915 Gulseth Trail;TASIKMALAYA;07/11/2005;2008;1599001791;17
747;Barton;L;0 Bobwhite Road;BANDUNG;11/07/2003;1985;4608278826;20
748;Bank;L;2 Anzinger Center;KOTA BANDUNG;01/06/2005;1992;9811143824;18
749;Annabel;P;795 Twin Pines Plaza;KAB. BANDUNG;11/02/2001;1981;2585944665;22
750;Sosanna;P;5 Sycamore Circle;CIMAHI;09/04/2003;2005;4612334670;20
751;Barret;L;4355 Ryan Park;GARUT;05/05/2000;1992;6572028024;23
752;Morris;L;9 Schurz Pass;TASIKMALAYA;11/03/2001;2008;7124215584;22
753;Fleming;L;59 Continental Alley;BANDUNG;02/03/2001;2008;8122998799;22
754;Byrann;L;36909 Cherokee Junction;KOTA BANDUNG;02/07/2000;2006;6615903330;23
755;Elia;L;623 Dottie Trail;KAB. BANDUNG;07/12/2003;2011;9648654141;19
756;Kimmie;P;63 Trailsway Way;CIMAHI;06/12/2000;1999;8324708343;22
757;Bertha;P;41 Judy Lane;GARUT;12/06/1999;2000;9272512575;24
758;Chic;L;898 Hanson Trail;TASIKMALAYA;11/06/2000;2007;2978081603;23
759;Herschel;L;17 Sunfield Pass;BANDUNG;11/06/2002;1990;2961235612;21
760;Hephzibah;P;64 Dovetail Alley;KOTA BANDUNG;01/12/1999;2004;5597723554;23
761;Jackie;L;74075 Graceland Street;KAB. BANDUNG;09/10/2005;2009;7634251392;18
762;Nikolos;L;991 Scoville Hill;CIMAHI;04/02/2000;2004;5844700273;23
763;Chrisy;L;73 Hovde Parkway;GARUT;10/08/2004;2008;3529057489;19
764;Jobyna;P;838 Superior Lane;TASIKMALAYA;06/12/1999;2008;3981323174;23
765;Natala;P;675 Macpherson Center;BANDUNG;02/03/2007;1992;2726217492;16
766;Francois;L;01384 Boyd Hill;KOTA BANDUNG;03/12/2005;1994;9417983576;17
767;Chrotoem;L;29 Straubel Alley;KAB. BANDUNG;03/09/2003;2005;4056975887;20
768;Crysta;P;8378 Caliangt Circle;CIMAHI;03/11/1999;2000;8559914611;23
769;Diane-marie;P;6 Briar Crest Street;GARUT;09/02/2007;1996;9733069674;16
770;Lynett;P;35 Aberg Pass;TASIKMALAYA;03/06/2001;1996;5853173546;22
771;Nicolai;L;50 Dottie Pass;BANDUNG;05/01/2002;2011;9754935485;21
772;Will;L;2147 Northfield Court;KOTA BANDUNG;01/12/2003;2006;9842441725;19
773;Kayle;P;75 Graedel Street;KAB. BANDUNG;04/02/2002;2010;6561535463;21
774;Abagail;P;786 Marquette Parkway;CIMAHI;02/06/2005;2007;9601590523;18
775;Randi;L;27 Clyde Gallagher Point;GARUT;08/12/2001;2008;4703653518;21
776;Darwin;L;64 Nevada Court;TASIKMALAYA;05/12/2005;2009;8255748924;17
777;Mahmud;L;32815 Rigney Plaza;BANDUNG;05/04/2006;1995;8167586007;17
778;Rik;L;9 Johnson Avenue;KOTA BANDUNG;02/09/2000;2004;4189979355;23
779;Aldous;L;5473 Spohn Point;KAB. BANDUNG;02/05/2002;2002;8827599626;21
780;Aluino;L;48 Dahle Place;CIMAHI;01/01/2007;2004;2203714352;16
781;Aindrea;P;32046 Atwood Park;GARUT;12/08/2001;2007;7039863443;22
782;Kay;P;4 Vidon Court;TASIKMALAYA;06/11/2003;1994;3912982614;19
783;Johann;L;92 Mariners Cove Crossing;BANDUNG;12/07/1999;2007;7392430104;24
784;Laurence;L;3 Carpenter Road;KOTA BANDUNG;11/07/2003;1984;7395718233;20
785;Erroll;L;5901 Sachs Center;KAB. BANDUNG;04/04/2004;2002;3307583103;19
786;Fergus;L;36777 Acker Parkway;CIMAHI;09/02/2001;1999;1454260675;22
787;Linnie;P;18 Garrison Junction;GARUT;07/08/2000;2001;3177833521;23
788;Morgan;L;5 Barby Terrace;TASIKMALAYA;03/10/2002;1987;6148489705;21
789;Teriann;P;1 Fuller Lane;BANDUNG;07/05/1999;2013;9965889248;24
790;Zelma;P;95855 Lakewood Gardens Trail;KOTA BANDUNG;12/07/2005;2011;2026661665;18
791;Phyllys;P;4 Clyde Gallagher Pass;KAB. BANDUNG;07/03/2005;2008;9604504461;18
792;Gillan;P;6 Cody Center;CIMAHI;04/04/1999;2012;3626170213;24
793;Murial;P;1 Hollow Ridge Alley;GARUT;11/03/2005;2011;9564534534;18
794;Victor;L;1 Towne Place;TASIKMALAYA;07/09/2003;2002;5543623490;20
795;Tansy;P;14550 Brentwood Place;BANDUNG;11/01/2001;2012;4376498138;22
796;Gardie;L;324 Veith Way;KOTA BANDUNG;01/12/2005;2002;2966546445;17
797;Gwenneth;P;280 La Follette Point;KAB. BANDUNG;02/04/2004;2012;7085342137;19
798;Lorens;L;0 Graceland Street;CIMAHI;03/06/2004;1992;7946333748;19
799;Lela;P;42 Kensington Center;GARUT;01/05/2002;2003;3767174603;21
800;Rania;P;77 Lakeland Park;TASIKMALAYA;05/08/2002;2011;5659673803;21
801;Cello;L;96 Victoria Avenue;BANDUNG;08/02/2001;2010;3442059030;22
802;Auguste;P;4830 High Crossing Way;KOTA BANDUNG;05/04/2003;2000;6501511184;20
803;Raleigh;L;09 Sheridan Point;KAB. BANDUNG;03/03/2000;2010;1667653695;23
804;Vina;P;96 Lillian Alley;CIMAHI;01/06/2003;1987;5029853934;20
805;Hi;L;7 Pepper Wood Drive;GARUT;03/04/2001;2010;8218385805;22
806;Flory;L;085 Cottonwood Park;TASIKMALAYA;11/05/2005;2006;2804821371;18
807;Danyette;P;3731 Briar Crest Way;BANDUNG;04/12/2005;1993;6503495396;17
808;Hill;L;96 Lakewood Pass;KOTA BANDUNG;06/05/2004;1986;3517258640;19
809;Marty;L;79 Sunnyside Street;KAB. BANDUNG;05/01/2005;2011;5799610243;18
810;Henriette;P;10021 Bartillon Junction;CIMAHI;07/01/2004;2000;6866366999;19
811;Jackson;L;74 Hayes Point;GARUT;10/04/2004;2009;5937345412;19
812;Corey;L;2161 Lukken Plaza;TASIKMALAYA;02/06/2006;1995;6834774140;17
813;Orland;L;344 Lighthouse Bay Trail;BANDUNG;03/09/1999;2001;6936517570;24
814;Feliks;L;86 Shopko Circle;KOTA BANDUNG;03/07/2001;2011;4675467724;22
815;Chris;L;904 Sloan Pass;KAB. BANDUNG;02/04/2001;2006;2793751987;22
816;Kirbie;P;52962 New Castle Street;CIMAHI;11/07/2000;2010;5367766960;23
817;Arnaldo;L;67 Express Road;GARUT;07/10/2005;2007;9141283015;18
818;Maritsa;P;76 Farmco Plaza;TASIKMALAYA;02/12/2003;1992;9364744144;19
819;Matthaeus;L;654 Killdeer Hill;BANDUNG;11/02/2000;1996;3529748677;23
820;Tiffani;P;333 Quincy Alley;KOTA BANDUNG;06/03/2001;2002;6434900028;22
821;Stirling;L;051 Amoth Avenue;KAB. BANDUNG;06/09/2005;1989;3316726337;18
822;Janenna;P;3565 7th Lane;CIMAHI;07/07/2004;1991;8113325247;19
823;Myrtice;P;58 Banding Circle;GARUT;09/02/1999;2008;1977115417;24
824;Berkly;L;3264 Coleman Alley;TASIKMALAYA;11/01/2003;2000;3585236151;20
825;Charmine;P;970 Esch Plaza;BANDUNG;03/03/2006;2004;6631102001;17
826;Raina;P;5 Eagle Crest Center;KOTA BANDUNG;02/11/2005;2006;3377562804;17
827;Leyla;P;5864 Independence Drive;KAB. BANDUNG;02/07/2002;2003;1684800143;21
828;Dominique;P;4793 Sunbrook Place;CIMAHI;08/12/2001;2002;3063068094;21
829;Yance;L;430 Marcy Street;GARUT;12/08/2003;2002;5166977011;20
830;Ellery;L;37477 Independence Hill;TASIKMALAYA;02/01/2005;1986;2649743483;18
831;Sanderson;L;683 Grim Avenue;BANDUNG;01/06/2001;2002;6295325391;22
832;Albina;P;4150 South Drive;KOTA BANDUNG;07/04/2006;2012;9487284514;17
833;Prue;P;31491 Sommers Plaza;KAB. BANDUNG;12/10/1999;1992;6211610305;24
834;Linoel;L;5802 Laurel Avenue;CIMAHI;02/02/2001;1995;7875264354;22
835;Clareta;P;135 Bashford Avenue;GARUT;11/04/2003;2006;5992332284;20
836;Talia;P;920 Anthes Terrace;TASIKMALAYA;09/10/2001;1992;8014448479;22
837;Audra;P;801 Eagan Center;BANDUNG;01/02/2001;2004;2442220294;22
838;Teddi;P;943 Lunder Parkway;KOTA BANDUNG;09/03/2005;1993;5105532869;18
839;Jacinda;P;1 Rowland Pass;KAB. BANDUNG;12/01/2005;1990;2649058280;18
840;Shayla;P;071 Cottonwood Trail;CIMAHI;03/08/2004;2005;6812626249;19
841;Taryn;P;32714 Walton Drive;GARUT;11/05/2003;2003;1009586190;20
842;Wilmar;L;37 Holy Cross Place;TASIKMALAYA;06/02/2000;2007;9003376794;23
843;Caldwell;L;29078 Delaware Alley;BANDUNG;04/12/2003;2006;9598411807;19
844;Prue;P;928 Rutledge Lane;KOTA BANDUNG;04/08/2004;2009;6614150699;19
845;Lanny;L;412 Jackson Trail;KAB. BANDUNG;05/07/2001;1965;8819821463;22
846;Tyne;P;03 Wayridge Plaza;CIMAHI;09/04/2005;2005;1981075311;18
847;Husain;L;37 Anzinger Lane;GARUT;09/12/2001;2003;7876019242;21
848;Jacinthe;P;5 Washington Court;TASIKMALAYA;08/08/2000;1987;1916018590;23
849;Gradey;L;8 Manufacturers Alley;BANDUNG;07/01/2003;2010;9246208167;20
850;Dolli;P;21542 Dawn Pass;KOTA BANDUNG;05/06/2003;1963;8695295718;20
851;Chane;L;12 Ilene Crossing;KAB. BANDUNG;11/06/2003;1993;5115898869;20
852;Grier;P;611 Fair Oaks Avenue;CIMAHI;06/05/2004;1996;1239997697;19
853;Callean;L;5 Waubesa Junction;GARUT;05/02/2002;1999;9361140872;21
854;Hamnet;L;086 Fisk Court;TASIKMALAYA;10/07/2006;1999;8601299792;17
855;Carolann;P;21925 Bunting Drive;BANDUNG;03/12/2006;2009;1159598601;16
856;Baxie;L;50 Welch Trail;KOTA BANDUNG;12/07/1998;2011;6436879193;25
857;Betteanne;P;9 Dennis Parkway;KAB. BANDUNG;05/01/2002;1997;5298448212;21
858;Sascha;P;2615 Hagan Street;CIMAHI;06/10/2002;2012;6307302146;21
859;Julius;L;2 Kipling Avenue;GARUT;10/01/2002;1996;2869548277;21
860;Wyn;L;7216 Anhalt Terrace;TASIKMALAYA;03/12/1999;2007;4851796060;23
861;Sindee;P;622 Melby Avenue;BANDUNG;09/04/2002;1998;8829878466;21
862;Shermy;L;147 Everett Street;KOTA BANDUNG;11/02/1998;2008;6337742863;25
863;Cecelia;P;13 Scoville Alley;KAB. BANDUNG;01/03/2005;2011;6472416173;18
864;Malchy;L;9027 Fisk Circle;CIMAHI;12/04/2002;1991;1078282955;21
865;Opaline;P;0 Veith Parkway;GARUT;10/03/2002;2010;4915331192;21
866;Shepherd;L;66 Melby Crossing;TASIKMALAYA;08/06/2005;2008;3834521362;18
867;Antone;L;539 Derek Junction;BANDUNG;01/04/2005;1997;5896735723;18
868;Tiffanie;P;27 Ridgeway Trail;KOTA BANDUNG;11/08/2003;1995;7177594171;20
869;Rick;L;4 Schmedeman Lane;KAB. BANDUNG;08/10/1999;2006;2126628947;24
870;Poppy;P;886 Duke Place;CIMAHI;12/04/1999;2007;3118750671;24
871;Linnet;P;7809 Banding Way;GARUT;06/05/2000;1998;3546235796;23
872;Julio;L;07 Lunder Alley;TASIKMALAYA;04/03/1999;2005;3551158347;24
873;Jarib;L;6290 Mallard Road;BANDUNG;10/11/2004;2000;9994844160;18
874;Sharl;P;98 Independence Place;KOTA BANDUNG;12/02/2001;2009;9107973607;22
875;Abbey;L;6 Northfield Lane;KAB. BANDUNG;02/05/2002;2006;2137835305;21
876;Ethe;L;3 4th Terrace;CIMAHI;07/05/2003;2010;8465380314;20
877;Chickie;L;66 Messerschmidt Plaza;GARUT;07/07/2002;2000;1496155079;21
878;Ruthie;P;27678 Cordelia Way;TASIKMALAYA;11/11/2000;2012;9418832795;22
879;Kristoffer;L;69 Oak Terrace;BANDUNG;10/06/2000;2011;3078277445;23
880;Ivette;P;6929 Ruskin Hill;KOTA BANDUNG;05/07/2002;2006;8732407320;21
881;Torrin;L;85 Fisk Plaza;KAB. BANDUNG;03/07/2001;2007;5553970761;22
882;Chrystal;P;29 Atwood Crossing;CIMAHI;12/11/2000;1995;5463402042;22
883;Serene;P;16 Lakewood Gardens Lane;GARUT;12/11/1999;2006;9266962515;23
884;Misti;P;942 Emmet Plaza;TASIKMALAYA;03/10/2004;2010;1491230704;19
885;Irina;P;1480 Dwight Parkway;BANDUNG;07/01/2003;2000;8411454010;20
886;Merle;L;1784 Helena Crossing;KOTA BANDUNG;03/02/2002;2004;9022389695;21
887;Jeana;P;6519 Old Shore Way;KAB. BANDUNG;12/06/2004;1994;5134801383;19
888;Shelley;L;8038 Bluestem Avenue;CIMAHI;10/04/1999;2008;8445414232;24
889;Maje;L;23663 Banding Parkway;GARUT;02/06/2001;1986;9242390076;22
890;Erinna;P;02292 Tony Junction;TASIKMALAYA;11/04/2003;2011;6606401809;20
891;Forrester;L;9 Erie Street;BANDUNG;05/05/2005;2009;1041070125;18
892;Marten;L;0543 Pearson Pass;KOTA BANDUNG;02/06/2003;1991;2141677003;20
893;Elyssa;P;215 Sachs Alley;KAB. BANDUNG;11/01/1998;1998;1497638453;25
894;Mehetabel;P;3 Anniversary Drive;CIMAHI;04/01/2003;1999;6216516117;20
895;Bev;P;449 Division Parkway;GARUT;03/11/1999;2009;6464330224;23
896;Kelci;P;866 Dryden Avenue;TASIKMALAYA;09/04/2003;2011;1651939013;20
897;Gabriele;L;9 Nova Alley;BANDUNG;04/12/2006;1996;6191607993;16
898;Kermie;L;158 Morningstar Crossing;KOTA BANDUNG;12/09/2001;2009;7512533823;22
899;Rip;L;68 Randy Plaza;KAB. BANDUNG;03/06/2004;2004;3594801444;19
900;Elsbeth;P;1 Jana Road;CIMAHI;06/06/2001;1997;1132403980;22
901;Felipa;P;00 Jenna Point;GARUT;07/02/2002;2009;9577403309;21
902;Whittaker;L;0449 Eliot Road;TASIKMALAYA;09/05/2002;2007;3967000546;21
903;Petronia;P;2308 Macpherson Road;BANDUNG;08/04/2004;1987;5871354604;19
904;Kimbell;L;5968 Randy Drive;KOTA BANDUNG;11/07/1999;2011;9328891790;24
905;Bernard;L;663 Merry Lane;KAB. BANDUNG;12/02/1999;2003;4823422005;24
906;Urbanus;L;6 Loeprich Place;CIMAHI;10/12/2005;2003;1026024497;17
907;Kristen;P;0 Express Court;GARUT;04/01/2000;2002;9679818707;23
908;Sol;L;49 Vahlen Lane;TASIKMALAYA;05/01/2002;1948;4124404282;21
909;Derwin;L;6868 Red Cloud Way;BANDUNG;01/02/2002;2010;8835046388;21
910;Sharia;P;08 Hermina Court;KOTA BANDUNG;01/07/2002;2000;6472239783;21
911;Beck;L;2 Crest Line Trail;KAB. BANDUNG;04/06/2004;2005;5869888722;19
912;Chip;L;288 Anhalt Hill;CIMAHI;06/03/2000;2009;8973316559;23
913;Bank;L;42106 Upham Alley;GARUT;09/06/2005;1996;1874487118;18
914;Rikki;L;32 Springview Point;TASIKMALAYA;07/05/2004;1993;3432935886;19
915;Harwell;L;20107 Kinsman Terrace;BANDUNG;02/02/2007;2009;4418755531;16
916;Pail;L;46918 Farmco Place;KOTA BANDUNG;12/06/2002;1993;9109011285;21
917;Petey;L;0 Clarendon Pass;KAB. BANDUNG;10/05/2003;2011;9936058904;20
918;Bennie;L;211 Schurz Terrace;CIMAHI;06/08/2003;1992;1867747624;20
919;Colin;L;833 Prairieview Pass;GARUT;04/02/2005;2012;2911306637;18
920;Jean;P;26 Hooker Alley;TASIKMALAYA;08/03/2004;2005;5297212409;19
921;Witty;L;2 Charing Cross Lane;BANDUNG;08/02/2001;2012;3758011302;22
922;Lonnard;L;37747 Anhalt Circle;KOTA BANDUNG;07/02/2005;1993;8906368042;18
923;Gustavo;L;98541 Hayes Street;KAB. BANDUNG;08/03/2005;1990;3359071799;18
924;Salomi;P;3890 Ridgeway Trail;CIMAHI;02/10/2003;2007;7615883790;20
925;Ives;L;2864 Talisman Circle;GARUT;03/07/2005;2006;3393096972;18
926;Skye;L;31282 Tomscot Center;TASIKMALAYA;08/03/2005;2012;4917140926;18
927;Leontyne;P;3 Sycamore Drive;BANDUNG;03/05/2003;2009;7091411312;20
928;Orland;L;790 Grover Alley;KOTA BANDUNG;08/11/2005;2010;5199728868;17
929;Lita;P;22 Del Sol Junction;KAB. BANDUNG;05/10/2006;1993;3771109288;17
930;Paulita;P;150 South Road;CIMAHI;10/07/2001;1989;3445652461;22
931;Joell;P;2 Dapin Junction;GARUT;12/02/1999;1991;6842360118;24
932;Judi;P;63820 Shelley Alley;TASIKMALAYA;11/06/2002;2000;7312853931;21
933;Barri;L;581 Declaration Street;BANDUNG;02/08/2003;2010;2339961327;20
934;Alethea;P;85945 Golf Hill;KOTA BANDUNG;07/05/2003;1996;2827178083;20
935;Aldo;L;3784 West Avenue;KAB. BANDUNG;07/11/2000;1992;5897680787;22
936;Selby;L;744 Autumn Leaf Alley;CIMAHI;05/02/2005;2007;4744362769;18
937;Leighton;L;2 Nova Crossing;GARUT;06/10/2002;1997;8513514706;21
938;Kristy;P;849 Talisman Hill;TASIKMALAYA;11/01/2000;1996;1297113609;23
939;Lauren;L;14735 Muir Road;BANDUNG;11/06/2000;1993;6174004441;23
940;Shelli;P;12841 Golden Leaf Circle;KOTA BANDUNG;03/01/2002;1995;1779624049;21
941;Corette;P;3 Marquette Crossing;KAB. BANDUNG;01/04/2004;2007;6405942003;19
942;Aharon;L;46285 Clyde Gallagher Road;CIMAHI;08/10/2004;2003;3238243795;19
943;Brooke;P;50551 Moulton Drive;GARUT;02/11/2003;2006;6763955253;19
944;Krissie;P;52060 Golf Way;TASIKMALAYA;05/03/2003;1989;3329828064;20
945;Channa;P;56247 Hoffman Place;BANDUNG;05/02/2006;2007;2876402795;17
946;Peirce;L;86 Ruskin Street;KOTA BANDUNG;02/08/2002;1992;7114149919;21
947;Garret;L;1240 Bartillon Drive;KAB. BANDUNG;11/03/2003;1992;7586498125;20
948;Margarethe;P;439 Lindbergh Park;CIMAHI;05/05/2006;2003;2965260345;17
949;Marlo;L;18526 Arkansas Junction;GARUT;06/11/2000;1973;2946253145;22
950;Deloria;P;1 Sunbrook Drive;TASIKMALAYA;05/05/2005;2001;1021134580;18
951;Cesar;L;24 Macpherson Place;BANDUNG;05/04/2003;2004;4702674749;20
952;Audy;P;1030 Ruskin Avenue;KOTA BANDUNG;12/08/1998;2010;2225450044;25
953;Veda;P;10731 Huxley Way;KAB. BANDUNG;10/03/2004;1995;2088103153;19
954;Adoree;P;9462 Vermont Alley;CIMAHI;06/01/2007;1997;8642884885;16
955;Byrom;L;6090 Kennedy Road;GARUT;01/03/2003;2007;2147178261;20
956;Wini;P;557 Tony Pass;TASIKMALAYA;10/03/2003;1994;5378170363;20
957;Ragnar;L;2 Dakota Avenue;BANDUNG;11/04/2004;2005;4789535249;19
958;Elora;P;76711 Green Ridge Trail;KOTA BANDUNG;08/10/2002;1995;9486957483;21
959;Avis;P;0 Bonner Road;KAB. BANDUNG;08/08/2004;2008;5763916457;19
960;Kori;P;28 Saint Paul Trail;CIMAHI;07/04/2002;1995;9746332244;21
961;Gaylord;L;360 Schmedeman Trail;GARUT;04/01/2007;1995;2235326114;16
962;Humfrey;L;4453 Delladonna Parkway;TASIKMALAYA;07/11/2000;1999;4749453478;22
963;Norris;L;9 Kensington Street;BANDUNG;09/11/2000;1993;1035494340;22
964;Reinwald;L;41 Melody Point;KOTA BANDUNG;08/10/2000;2007;8538738260;23
965;Hedwig;P;4 Buena Vista Way;KAB. BANDUNG;07/07/2002;1997;1783915343;21
966;Boris;L;7 Karstens Street;CIMAHI;05/01/2003;1997;3456293860;20
967;Georgia;P;52 Lunder Road;GARUT;08/06/2002;2007;1385595006;21
968;Burr;L;065 Fordem Alley;TASIKMALAYA;11/06/1999;2010;3632737906;24
969;Quintin;L;04 Division Crossing;BANDUNG;09/04/2007;1993;1299783535;16
970;Baird;L;63058 Continental Place;KOTA BANDUNG;04/04/2000;1987;1169913451;23
971;Gilli;P;60 Browning Junction;KAB. BANDUNG;03/05/2007;1995;4784127391;16
972;Dierdre;P;2 Moose Center;CIMAHI;05/06/2005;1998;6152214283;18
973;Roselia;P;3 Farragut Way;GARUT;01/07/2004;2005;5868264292;19
974;Gabriellia;P;02128 Florence Avenue;TASIKMALAYA;07/10/1999;1990;5389197381;24
975;Emelen;L;28944 Eagan Trail;BANDUNG;12/05/2003;2007;2644147275;20
976;Celisse;P;88 Brown Road;KOTA BANDUNG;02/08/2002;1997;5721484305;21
977;Wilek;L;4679 Kings Drive;KAB. BANDUNG;05/11/2000;2006;9203132448;22
978;Rozele;P;92 Shoshone Crossing;CIMAHI;08/11/2000;2005;7209952776;22
979;Jeremie;L;24 Warrior Place;GARUT;07/04/2006;2004;2874874968;17
980;Josephina;P;03 Arkansas Circle;TASIKMALAYA;01/03/2006;1982;5774878526;17
981;Maddie;P;61759 Havey Junction;BANDUNG;07/06/2001;1997;9122562870;22
982;Bradney;L;27408 Duke Drive;KOTA BANDUNG;03/07/2005;2005;7852383641;18
983;Jared;L;55683 Waywood Park;KAB. BANDUNG;03/01/2007;2003;3588966218;16
984;Abigail;P;19394 Prentice Trail;CIMAHI;11/01/2004;2002;1375958881;19
985;Marice;P;40226 Upham Point;GARUT;11/04/2000;1998;2638712570;23
986;Toddie;L;442 Meadow Vale Alley;TASIKMALAYA;02/08/2002;1997;2279581940;21
987;Bear;L;6 Monterey Road;BANDUNG;04/02/2004;1993;3542436386;19
988;Glenna;P;2813 Blaine Avenue;KOTA BANDUNG;06/05/1999;2004;9267285285;24
989;Ralina;P;9 Randy Hill;KAB. BANDUNG;12/05/2005;2006;8551254059;18
990;Tabitha;P;2 Schlimgen Avenue;CIMAHI;10/03/2002;2010;7847150115;21
991;Brucie;L;035 Comanche Road;GARUT;08/08/2006;2004;6421060271;17
992;Tanney;L;6 Sundown Alley;TASIKMALAYA;08/09/2004;2011;2694507786;19
993;Phillis;P;092 Glacier Hill Street;BANDUNG;08/08/2006;2008;6366977867;17
994;Neill;L;89833 Eagan Alley;KOTA BANDUNG;04/10/2001;2011;9444271575;22
995;Angelika;P;975 Sloan Crossing;KAB. BANDUNG;04/12/2006;1987;3174281353;16
996;Kelly;L;51326 Morningstar Alley;CIMAHI;01/11/2003;1999;8314997260;19
997;Esther;P;32368 Milwaukee Drive;GARUT;09/06/2005;1997;9571258190;18
998;Jo ann;P;3 Menomonie Parkway;TASIKMALAYA;10/11/2001;2009;5177297512;21
999;Erinn;P;0386 Bultman Hill;BANDUNG;11/09/2005;2004;7522890466;18
1000;Anica;P;64 Grim Terrace;KOTA BANDUNG;03/05/2003;2009;9703991097;20
